2026-06-08 14:13:52 - Starting C:\Program Files\nodejs\node.exe  C:\Users\nakay\law-firm-attendance\node_modules\node-windows\lib\wrapper.js --file C:\Users\nakay\law-firm-attendance\server.cjs --scriptoptions= --log "Themis勤怠管理 wrapper" --grow 0.5 --wait 2 --maxrestarts 3 --abortonerror n --stopparentfirst undefined
2026-06-08 14:13:52 - Started 10404
2026-06-08 20:25:12 - Stopping themis.exe
2026-06-08 20:25:12 - ProcessKill 10404
2026-06-08 20:25:12 - Shutdown exception
Message:システム シャットダウンが実行中です。

Stacktrace:   場所 System.Runtime.InteropServices.Marshal.ThrowExceptionForHRInternal(Int32 errorCode, IntPtr errorInfo)
   場所 System.Management.ManagementScope.InitializeGuts(Object o)
   場所 System.Management.ManagementScope.Initialize()
   場所 System.Management.ManagementObjectSearcher.Initialize()
   場所 System.Management.ManagementObjectSearcher.Get()
   場所 winsw.WrapperService.GetChildPids(Int32 pid)
   場所 winsw.WrapperService.StopProcessAndChildren(Int32 pid)
   場所 winsw.WrapperService.StopIt()
   場所 winsw.WrapperService.OnShutdown()
2026-06-08 20:25:50 - Starting C:\Program Files\nodejs\node.exe  C:\Users\nakay\law-firm-attendance\node_modules\node-windows\lib\wrapper.js --file C:\Users\nakay\law-firm-attendance\server.cjs --scriptoptions= --log "Themis勤怠管理 wrapper" --grow 0.5 --wait 2 --maxrestarts 3 --abortonerror n --stopparentfirst undefined
2026-06-08 20:25:50 - Started 8448
2026-06-09 15:40:13 - Stopping themis.exe
2026-06-09 15:40:13 - ProcessKill 8448
2026-06-09 15:40:13 - Shutdown exception
Message:システム シャットダウンが実行中です。

Stacktrace:   場所 System.Runtime.InteropServices.Marshal.ThrowExceptionForHRInternal(Int32 errorCode, IntPtr errorInfo)
   場所 System.Management.ManagementScope.InitializeGuts(Object o)
   場所 System.Management.ManagementScope.Initialize()
   場所 System.Management.ManagementObjectSearcher.Initialize()
   場所 System.Management.ManagementObjectSearcher.Get()
   場所 winsw.WrapperService.GetChildPids(Int32 pid)
   場所 winsw.WrapperService.StopProcessAndChildren(Int32 pid)
   場所 winsw.WrapperService.StopIt()
   場所 winsw.WrapperService.OnShutdown()
2026-06-09 15:49:14 - Starting C:\Program Files\nodejs\node.exe  C:\Users\nakay\law-firm-attendance\node_modules\node-windows\lib\wrapper.js --file C:\Users\nakay\law-firm-attendance\server.cjs --scriptoptions= --log "Themis勤怠管理 wrapper" --grow 0.5 --wait 2 --maxrestarts 3 --abortonerror n --stopparentfirst undefined
2026-06-09 15:49:14 - Started 9448
2026-06-09 15:51:47 - Starting C:\Program Files\nodejs\node.exe  C:\Users\nakay\law-firm-attendance\node_modules\node-windows\lib\wrapper.js --file C:\Users\nakay\law-firm-attendance\server.cjs --scriptoptions= --log "Themis勤怠管理 wrapper" --grow 0.5 --wait 2 --maxrestarts 3 --abortonerror n --stopparentfirst undefined
2026-06-09 15:51:47 - Started 9708
2026-06-09 16:19:21 - Starting C:\Program Files\nodejs\node.exe  C:\Users\nakay\law-firm-attendance\node_modules\node-windows\lib\wrapper.js --file C:\Users\nakay\law-firm-attendance\server.cjs --scriptoptions= --log "Themis勤怠管理 wrapper" --grow 0.5 --wait 2 --maxrestarts 3 --abortonerror n --stopparentfirst undefined
2026-06-09 16:19:21 - Started 10336
2026-06-09 16:21:19 - Starting C:\Program Files\nodejs\node.exe  C:\Users\nakay\law-firm-attendance\node_modules\node-windows\lib\wrapper.js --file C:\Users\nakay\law-firm-attendance\server.cjs --scriptoptions= --log "Themis勤怠管理 wrapper" --grow 0.5 --wait 2 --maxrestarts 3 --abortonerror n --stopparentfirst undefined
2026-06-09 16:21:19 - Started 9348
2026-06-09 20:16:46 - Stopping themis.exe
2026-06-09 20:16:46 - ProcessKill 9348
2026-06-09 20:16:47 - Shutdown exception
Message:システム シャットダウンが実行中です。

Stacktrace:   場所 System.Runtime.InteropServices.Marshal.ThrowExceptionForHRInternal(Int32 errorCode, IntPtr errorInfo)
   場所 System.Management.ManagementScope.InitializeGuts(Object o)
   場所 System.Management.ManagementScope.Initialize()
   場所 System.Management.ManagementObjectSearcher.Initialize()
   場所 System.Management.ManagementObjectSearcher.Get()
   場所 winsw.WrapperService.GetChildPids(Int32 pid)
   場所 winsw.WrapperService.StopProcessAndChildren(Int32 pid)
   場所 winsw.WrapperService.StopIt()
   場所 winsw.WrapperService.OnShutdown()
2026-06-09 20:26:36 - Starting C:\Program Files\nodejs\node.exe  C:\Users\nakay\law-firm-attendance\node_modules\node-windows\lib\wrapper.js --file C:\Users\nakay\law-firm-attendance\server.cjs --scriptoptions= --log "Themis勤怠管理 wrapper" --grow 0.5 --wait 2 --maxrestarts 3 --abortonerror n --stopparentfirst undefined
2026-06-09 20:26:36 - Started 10084
2026-06-09 20:30:02 - Starting C:\Program Files\nodejs\node.exe  C:\Users\nakay\law-firm-attendance\node_modules\node-windows\lib\wrapper.js --file C:\Users\nakay\law-firm-attendance\server.cjs --scriptoptions= --log "Themis勤怠管理 wrapper" --grow 0.5 --wait 2 --maxrestarts 3 --abortonerror n --stopparentfirst undefined
2026-06-09 20:30:02 - Started 4708
2026-06-09 20:32:39 - Starting C:\Program Files\nodejs\node.exe  C:\Users\nakay\law-firm-attendance\node_modules\node-windows\lib\wrapper.js --file C:\Users\nakay\law-firm-attendance\server.cjs --scriptoptions= --log "Themis勤怠管理 wrapper" --grow 0.5 --wait 2 --maxrestarts 3 --abortonerror n --stopparentfirst undefined
2026-06-09 20:32:39 - Started 9652
2026-06-10 21:16:19 - Starting C:\Program Files\nodejs\node.exe  C:\Users\nakay\law-firm-attendance\node_modules\node-windows\lib\wrapper.js --file C:\Users\nakay\law-firm-attendance\server.cjs --scriptoptions= --log "Themis勤怠管理 wrapper" --grow 0.5 --wait 2 --maxrestarts 3 --abortonerror n --stopparentfirst undefined
2026-06-10 21:16:19 - Started 9376
2026-06-10 22:51:23 - Starting C:\Program Files\nodejs\node.exe  C:\Users\nakay\law-firm-attendance\node_modules\node-windows\lib\wrapper.js --file C:\Users\nakay\law-firm-attendance\server.cjs --scriptoptions= --log "Themis勤怠管理 wrapper" --grow 0.5 --wait 2 --maxrestarts 3 --abortonerror n --stopparentfirst undefined
2026-06-10 22:51:23 - Started 7196
2026-06-10 23:15:08 - Starting C:\Program Files\nodejs\node.exe  C:\Users\nakay\law-firm-attendance\node_modules\node-windows\lib\wrapper.js --file C:\Users\nakay\law-firm-attendance\server.cjs --scriptoptions= --log "Themis勤怠管理 wrapper" --grow 0.5 --wait 2 --maxrestarts 3 --abortonerror n --stopparentfirst undefined
2026-06-10 23:15:08 - Started 7896
2026-06-11 01:04:55 - Starting C:\Program Files\nodejs\node.exe  C:\Users\nakay\law-firm-attendance\node_modules\node-windows\lib\wrapper.js --file C:\Users\nakay\law-firm-attendance\server.cjs --scriptoptions= --log "Themis勤怠管理 wrapper" --grow 0.5 --wait 2 --maxrestarts 3 --abortonerror n --stopparentfirst undefined
2026-06-11 01:04:55 - Started 8496
2026-06-11 01:08:33 - Starting C:\Program Files\nodejs\node.exe  C:\Users\nakay\law-firm-attendance\node_modules\node-windows\lib\wrapper.js --file C:\Users\nakay\law-firm-attendance\server.cjs --scriptoptions= --log "Themis勤怠管理 wrapper" --grow 0.5 --wait 2 --maxrestarts 3 --abortonerror n --stopparentfirst undefined
2026-06-11 01:08:33 - Started 9416
2026-06-11 01:09:30 - Stopping themis.exe
2026-06-11 01:09:30 - ProcessKill 9416
2026-06-11 01:09:30 - Shutdown exception
Message:システム シャットダウンが実行中です。

Stacktrace:   場所 System.Runtime.InteropServices.Marshal.ThrowExceptionForHRInternal(Int32 errorCode, IntPtr errorInfo)
   場所 System.Management.ManagementScope.InitializeGuts(Object o)
   場所 System.Management.ManagementScope.Initialize()
   場所 System.Management.ManagementObjectSearcher.Initialize()
   場所 System.Management.ManagementObjectSearcher.Get()
   場所 winsw.WrapperService.GetChildPids(Int32 pid)
   場所 winsw.WrapperService.StopProcessAndChildren(Int32 pid)
   場所 winsw.WrapperService.StopIt()
   場所 winsw.WrapperService.OnShutdown()
2026-06-11 01:10:06 - Starting C:\Program Files\nodejs\node.exe  C:\Users\nakay\law-firm-attendance\node_modules\node-windows\lib\wrapper.js --file C:\Users\nakay\law-firm-attendance\server.cjs --scriptoptions= --log "Themis勤怠管理 wrapper" --grow 0.5 --wait 2 --maxrestarts 3 --abortonerror n --stopparentfirst undefined
2026-06-11 01:10:06 - Started 8404
2026-06-11 01:10:59 - Stopping themis.exe
2026-06-11 01:10:59 - ProcessKill 8404
2026-06-11 01:10:59 - Shutdown exception
Message:システム シャットダウンが実行中です。

Stacktrace:   場所 System.Runtime.InteropServices.Marshal.ThrowExceptionForHRInternal(Int32 errorCode, IntPtr errorInfo)
   場所 System.Management.ManagementScope.InitializeGuts(Object o)
   場所 System.Management.ManagementScope.Initialize()
   場所 System.Management.ManagementObjectSearcher.Initialize()
   場所 System.Management.ManagementObjectSearcher.Get()
   場所 winsw.WrapperService.GetChildPids(Int32 pid)
   場所 winsw.WrapperService.StopProcessAndChildren(Int32 pid)
   場所 winsw.WrapperService.StopIt()
   場所 winsw.WrapperService.OnShutdown()
2026-06-11 01:14:51 - Starting C:\Program Files\nodejs\node.exe  C:\Users\nakay\law-firm-attendance\node_modules\node-windows\lib\wrapper.js --file C:\Users\nakay\law-firm-attendance\server.cjs --scriptoptions= --log "Themis勤怠管理 wrapper" --grow 0.5 --wait 2 --maxrestarts 3 --abortonerror n --stopparentfirst undefined
2026-06-11 01:14:51 - Started 9044
2026-06-11 01:17:42 - Starting C:\Program Files\nodejs\node.exe  C:\Users\nakay\law-firm-attendance\node_modules\node-windows\lib\wrapper.js --file C:\Users\nakay\law-firm-attendance\server.cjs --scriptoptions= --log "Themis勤怠管理 wrapper" --grow 0.5 --wait 2 --maxrestarts 3 --abortonerror n --stopparentfirst undefined
2026-06-11 01:17:42 - Started 10064
2026-06-11 01:20:07 - Starting C:\Program Files\nodejs\node.exe  C:\Users\nakay\law-firm-attendance\node_modules\node-windows\lib\wrapper.js --file C:\Users\nakay\law-firm-attendance\server.cjs --scriptoptions= --log "Themis勤怠管理 wrapper" --grow 0.5 --wait 2 --maxrestarts 3 --abortonerror n --stopparentfirst undefined
2026-06-11 01:20:07 - Started 8952
2026-06-11 20:42:21 - Starting C:\Program Files\nodejs\node.exe  C:\Users\nakay\law-firm-attendance\node_modules\node-windows\lib\wrapper.js --file C:\Users\nakay\law-firm-attendance\server.cjs --scriptoptions= --log "Themis勤怠管理 wrapper" --grow 0.5 --wait 2 --maxrestarts 3 --abortonerror n --stopparentfirst undefined
2026-06-11 20:42:21 - Started 8724
2026-06-12 22:02:38 - Starting C:\Program Files\nodejs\node.exe  C:\Users\nakay\law-firm-attendance\node_modules\node-windows\lib\wrapper.js --file C:\Users\nakay\law-firm-attendance\server.cjs --scriptoptions= --log "Themis勤怠管理 wrapper" --grow 0.5 --wait 2 --maxrestarts 3 --abortonerror n --stopparentfirst undefined
2026-06-12 22:02:38 - Started 8528
2026-06-13 19:58:14 - Starting C:\Program Files\nodejs\node.exe  C:\Users\nakay\law-firm-attendance\node_modules\node-windows\lib\wrapper.js --file C:\Users\nakay\law-firm-attendance\server.cjs --scriptoptions= --log "Themis勤怠管理 wrapper" --grow 0.5 --wait 2 --maxrestarts 3 --abortonerror n --stopparentfirst undefined
2026-06-13 19:58:14 - Started 8560
2026-06-14 05:23:19 - Starting C:\Program Files\nodejs\node.exe  C:\Users\nakay\law-firm-attendance\node_modules\node-windows\lib\wrapper.js --file C:\Users\nakay\law-firm-attendance\server.cjs --scriptoptions= --log "Themis勤怠管理 wrapper" --grow 0.5 --wait 2 --maxrestarts 3 --abortonerror n --stopparentfirst undefined
2026-06-14 05:23:19 - Started 7824
2026-06-15 09:52:27 - Starting C:\Program Files\nodejs\node.exe  C:\Users\nakay\law-firm-attendance\node_modules\node-windows\lib\wrapper.js --file C:\Users\nakay\law-firm-attendance\server.cjs --scriptoptions= --log "Themis勤怠管理 wrapper" --grow 0.5 --wait 2 --maxrestarts 3 --abortonerror n --stopparentfirst undefined
2026-06-15 09:52:27 - Started 8548
2026-06-16 16:55:26 - Starting C:\Program Files\nodejs\node.exe  C:\Users\nakay\law-firm-attendance\node_modules\node-windows\lib\wrapper.js --file C:\Users\nakay\law-firm-attendance\server.cjs --scriptoptions= --log "Themis勤怠管理 wrapper" --grow 0.5 --wait 2 --maxrestarts 3 --abortonerror n --stopparentfirst undefined
2026-06-16 16:55:27 - Started 9556
2026-06-16 17:01:33 - Starting C:\Program Files\nodejs\node.exe  C:\Users\nakay\law-firm-attendance\node_modules\node-windows\lib\wrapper.js --file C:\Users\nakay\law-firm-attendance\server.cjs --scriptoptions= --log "Themis勤怠管理 wrapper" --grow 0.5 --wait 2 --maxrestarts 3 --abortonerror n --stopparentfirst undefined
2026-06-16 17:01:33 - Started 9948
2026-06-17 11:49:07 - Stopping themis.exe
2026-06-17 11:49:07 - ProcessKill 9948
2026-06-17 11:49:07 - Shutdown exception
Message:システム シャットダウンが実行中です。

Stacktrace:   場所 System.Runtime.InteropServices.Marshal.ThrowExceptionForHRInternal(Int32 errorCode, IntPtr errorInfo)
   場所 System.Management.ManagementScope.InitializeGuts(Object o)
   場所 System.Management.ManagementScope.Initialize()
   場所 System.Management.ManagementObjectSearcher.Initialize()
   場所 System.Management.ManagementObjectSearcher.Get()
   場所 winsw.WrapperService.GetChildPids(Int32 pid)
   場所 winsw.WrapperService.StopProcessAndChildren(Int32 pid)
   場所 winsw.WrapperService.StopIt()
   場所 winsw.WrapperService.OnShutdown()
2026-06-17 11:49:46 - Starting C:\Program Files\nodejs\node.exe  C:\Users\nakay\law-firm-attendance\node_modules\node-windows\lib\wrapper.js --file C:\Users\nakay\law-firm-attendance\server.cjs --scriptoptions= --log "Themis勤怠管理 wrapper" --grow 0.5 --wait 2 --maxrestarts 3 --abortonerror n --stopparentfirst undefined
2026-06-17 11:49:46 - Started 10100
2026-06-18 17:45:12 - Starting C:\Program Files\nodejs\node.exe  C:\Users\nakay\law-firm-attendance\node_modules\node-windows\lib\wrapper.js --file C:\Users\nakay\law-firm-attendance\server.cjs --scriptoptions= --log "Themis勤怠管理 wrapper" --grow 0.5 --wait 2 --maxrestarts 3 --abortonerror n --stopparentfirst undefined
2026-06-18 17:45:12 - Started 9844
2026-06-19 21:27:39 - Starting C:\Program Files\nodejs\node.exe  C:\Users\nakay\law-firm-attendance\node_modules\node-windows\lib\wrapper.js --file C:\Users\nakay\law-firm-attendance\server.cjs --scriptoptions= --log "Themis勤怠管理 wrapper" --grow 0.5 --wait 2 --maxrestarts 3 --abortonerror n --stopparentfirst undefined
2026-06-19 21:27:39 - Started 10288
2026-06-19 21:30:21 - Starting C:\Program Files\nodejs\node.exe  C:\Users\nakay\law-firm-attendance\node_modules\node-windows\lib\wrapper.js --file C:\Users\nakay\law-firm-attendance\server.cjs --scriptoptions= --log "Themis勤怠管理 wrapper" --grow 0.5 --wait 2 --maxrestarts 3 --abortonerror n --stopparentfirst undefined
2026-06-19 21:30:21 - Started 10404
2026-06-21 00:37:21 - Starting C:\Program Files\nodejs\node.exe  C:\Users\nakay\law-firm-attendance\node_modules\node-windows\lib\wrapper.js --file C:\Users\nakay\law-firm-attendance\server.cjs --scriptoptions= --log "Themis勤怠管理 wrapper" --grow 0.5 --wait 2 --maxrestarts 3 --abortonerror n --stopparentfirst undefined
2026-06-21 00:37:21 - Started 9868
2026-06-21 00:40:28 - Starting C:\Program Files\nodejs\node.exe  C:\Users\nakay\law-firm-attendance\node_modules\node-windows\lib\wrapper.js --file C:\Users\nakay\law-firm-attendance\server.cjs --scriptoptions= --log "Themis勤怠管理 wrapper" --grow 0.5 --wait 2 --maxrestarts 3 --abortonerror n --stopparentfirst undefined
2026-06-21 00:40:28 - Started 9972
2026-06-21 00:53:16 - Starting C:\Program Files\nodejs\node.exe  C:\Users\nakay\law-firm-attendance\node_modules\node-windows\lib\wrapper.js --file C:\Users\nakay\law-firm-attendance\server.cjs --scriptoptions= --log "Themis勤怠管理 wrapper" --grow 0.5 --wait 2 --maxrestarts 3 --abortonerror n --stopparentfirst undefined
2026-06-21 00:53:16 - Started 3456
2026-06-21 02:15:40 - Starting C:\Program Files\nodejs\node.exe  C:\Users\nakay\law-firm-attendance\node_modules\node-windows\lib\wrapper.js --file C:\Users\nakay\law-firm-attendance\server.cjs --scriptoptions= --log "Themis勤怠管理 wrapper" --grow 0.5 --wait 2 --maxrestarts 3 --abortonerror n --stopparentfirst undefined
2026-06-21 02:15:40 - Started 8932
2026-06-21 02:25:37 - Starting C:\Program Files\nodejs\node.exe  C:\Users\nakay\law-firm-attendance\node_modules\node-windows\lib\wrapper.js --file C:\Users\nakay\law-firm-attendance\server.cjs --scriptoptions= --log "Themis勤怠管理 wrapper" --grow 0.5 --wait 2 --maxrestarts 3 --abortonerror n --stopparentfirst undefined
2026-06-21 02:25:37 - Started 10524
2026-06-21 03:32:16 - Starting C:\Program Files\nodejs\node.exe  C:\Users\nakay\law-firm-attendance\node_modules\node-windows\lib\wrapper.js --file C:\Users\nakay\law-firm-attendance\server.cjs --scriptoptions= --log "Themis勤怠管理 wrapper" --grow 0.5 --wait 2 --maxrestarts 3 --abortonerror n --stopparentfirst undefined
2026-06-21 03:32:16 - Started 10300
2026-06-22 13:04:27 - Starting C:\Program Files\nodejs\node.exe  C:\Users\nakay\law-firm-attendance\node_modules\node-windows\lib\wrapper.js --file C:\Users\nakay\law-firm-attendance\server.cjs --scriptoptions= --log "Themis勤怠管理 wrapper" --grow 0.5 --wait 2 --maxrestarts 3 --abortonerror n --stopparentfirst undefined
2026-06-22 13:04:27 - Started 9212
2026-06-22 19:25:37 - Starting C:\Program Files\nodejs\node.exe  C:\Users\nakay\law-firm-attendance\node_modules\node-windows\lib\wrapper.js --file C:\Users\nakay\law-firm-attendance\server.cjs --scriptoptions= --log "Themis勤怠管理 wrapper" --grow 0.5 --wait 2 --maxrestarts 3 --abortonerror n --stopparentfirst undefined
2026-06-22 19:25:38 - Started 9968
2026-06-22 19:29:18 - Starting C:\Program Files\nodejs\node.exe  C:\Users\nakay\law-firm-attendance\node_modules\node-windows\lib\wrapper.js --file C:\Users\nakay\law-firm-attendance\server.cjs --scriptoptions= --log "Themis勤怠管理 wrapper" --grow 0.5 --wait 2 --maxrestarts 3 --abortonerror n --stopparentfirst undefined
2026-06-22 19:29:18 - Started 10164
2026-06-22 19:32:49 - Starting C:\Program Files\nodejs\node.exe  C:\Users\nakay\law-firm-attendance\node_modules\node-windows\lib\wrapper.js --file C:\Users\nakay\law-firm-attendance\server.cjs --scriptoptions= --log "Themis勤怠管理 wrapper" --grow 0.5 --wait 2 --maxrestarts 3 --abortonerror n --stopparentfirst undefined
2026-06-22 19:32:49 - Started 2996
2026-06-23 23:27:37 - Starting C:\Program Files\nodejs\node.exe  C:\Users\nakay\law-firm-attendance\node_modules\node-windows\lib\wrapper.js --file C:\Users\nakay\law-firm-attendance\server.cjs --scriptoptions= --log "Themis勤怠管理 wrapper" --grow 0.5 --wait 2 --maxrestarts 3 --abortonerror n --stopparentfirst undefined
2026-06-23 23:27:37 - Started 10368
2026-06-25 11:57:44 - Stopping themis.exe
2026-06-25 11:57:44 - ProcessKill 10368
2026-06-25 11:57:44 - Shutdown exception
Message:システム シャットダウンが実行中です。

Stacktrace:   場所 System.Runtime.InteropServices.Marshal.ThrowExceptionForHRInternal(Int32 errorCode, IntPtr errorInfo)
   場所 System.Management.ManagementScope.InitializeGuts(Object o)
   場所 System.Management.ManagementScope.Initialize()
   場所 System.Management.ManagementObjectSearcher.Initialize()
   場所 System.Management.ManagementObjectSearcher.Get()
   場所 winsw.WrapperService.GetChildPids(Int32 pid)
   場所 winsw.WrapperService.StopProcessAndChildren(Int32 pid)
   場所 winsw.WrapperService.StopIt()
   場所 winsw.WrapperService.OnShutdown()
2026-06-25 11:58:39 - Starting C:\Program Files\nodejs\node.exe  C:\Users\nakay\law-firm-attendance\node_modules\node-windows\lib\wrapper.js --file C:\Users\nakay\law-firm-attendance\server.cjs --scriptoptions= --log "Themis勤怠管理 wrapper" --grow 0.5 --wait 2 --maxrestarts 3 --abortonerror n --stopparentfirst undefined
2026-06-25 11:58:39 - Started 9180
2026-06-25 12:01:24 - Stopping themis.exe
2026-06-25 12:01:24 - ProcessKill 9180
2026-06-25 12:01:24 - Shutdown exception
Message:システム シャットダウンが実行中です。

Stacktrace:   場所 System.Runtime.InteropServices.Marshal.ThrowExceptionForHRInternal(Int32 errorCode, IntPtr errorInfo)
   場所 System.Management.ManagementScope.InitializeGuts(Object o)
   場所 System.Management.ManagementScope.Initialize()
   場所 System.Management.ManagementObjectSearcher.Initialize()
   場所 System.Management.ManagementObjectSearcher.Get()
   場所 winsw.WrapperService.GetChildPids(Int32 pid)
   場所 winsw.WrapperService.StopProcessAndChildren(Int32 pid)
   場所 winsw.WrapperService.StopIt()
   場所 winsw.WrapperService.OnShutdown()
2026-06-25 12:02:06 - Starting C:\Program Files\nodejs\node.exe  C:\Users\nakay\law-firm-attendance\node_modules\node-windows\lib\wrapper.js --file C:\Users\nakay\law-firm-attendance\server.cjs --scriptoptions= --log "Themis勤怠管理 wrapper" --grow 0.5 --wait 2 --maxrestarts 3 --abortonerror n --stopparentfirst undefined
2026-06-25 12:02:06 - Started 9424
2026-06-25 12:02:42 - Stopping themis.exe
2026-06-25 12:02:42 - ProcessKill 9424
2026-06-25 12:02:42 - Shutdown exception
Message:システム シャットダウンが実行中です。

Stacktrace:   場所 System.Runtime.InteropServices.Marshal.ThrowExceptionForHRInternal(Int32 errorCode, IntPtr errorInfo)
   場所 System.Management.ManagementScope.InitializeGuts(Object o)
   場所 System.Management.ManagementScope.Initialize()
   場所 System.Management.ManagementObjectSearcher.Initialize()
   場所 System.Management.ManagementObjectSearcher.Get()
   場所 winsw.WrapperService.GetChildPids(Int32 pid)
   場所 winsw.WrapperService.StopProcessAndChildren(Int32 pid)
   場所 winsw.WrapperService.StopIt()
   場所 winsw.WrapperService.OnShutdown()
2026-06-25 12:03:24 - Starting C:\Program Files\nodejs\node.exe  C:\Users\nakay\law-firm-attendance\node_modules\node-windows\lib\wrapper.js --file C:\Users\nakay\law-firm-attendance\server.cjs --scriptoptions= --log "Themis勤怠管理 wrapper" --grow 0.5 --wait 2 --maxrestarts 3 --abortonerror n --stopparentfirst undefined
2026-06-25 12:03:24 - Started 8040
2026-06-27 21:12:27 - Stopping themis.exe
2026-06-27 21:12:27 - ProcessKill 8040
2026-06-27 21:12:28 - Shutdown exception
Message:システム シャットダウンが実行中です。

Stacktrace:   場所 System.Runtime.InteropServices.Marshal.ThrowExceptionForHRInternal(Int32 errorCode, IntPtr errorInfo)
   場所 System.Management.ManagementScope.InitializeGuts(Object o)
   場所 System.Management.ManagementScope.Initialize()
   場所 System.Management.ManagementObjectSearcher.Initialize()
   場所 System.Management.ManagementObjectSearcher.Get()
   場所 winsw.WrapperService.GetChildPids(Int32 pid)
   場所 winsw.WrapperService.StopProcessAndChildren(Int32 pid)
   場所 winsw.WrapperService.StopIt()
   場所 winsw.WrapperService.OnShutdown()
2026-06-27 21:13:18 - Starting C:\Program Files\nodejs\node.exe  C:\Users\nakay\law-firm-attendance\node_modules\node-windows\lib\wrapper.js --file C:\Users\nakay\law-firm-attendance\server.cjs --scriptoptions= --log "Themis勤怠管理 wrapper" --grow 0.5 --wait 2 --maxrestarts 3 --abortonerror n --stopparentfirst undefined
2026-06-27 21:13:18 - Started 11956
2026-06-28 17:28:40 - Starting C:\Program Files\nodejs\node.exe  C:\Users\nakay\law-firm-attendance\node_modules\node-windows\lib\wrapper.js --file C:\Users\nakay\law-firm-attendance\server.cjs --scriptoptions= --log "Themis勤怠管理 wrapper" --grow 0.5 --wait 2 --maxrestarts 3 --abortonerror n --stopparentfirst undefined
2026-06-28 17:28:40 - Started 9200
2026-06-29 04:11:07 - Starting C:\Program Files\nodejs\node.exe  C:\Users\nakay\law-firm-attendance\node_modules\node-windows\lib\wrapper.js --file C:\Users\nakay\law-firm-attendance\server.cjs --scriptoptions= --log "Themis勤怠管理 wrapper" --grow 0.5 --wait 2 --maxrestarts 3 --abortonerror n --stopparentfirst undefined
2026-06-29 04:11:07 - Started 9264
2026-07-02 20:06:22 - Starting C:\Program Files\nodejs\node.exe  C:\Users\nakay\law-firm-attendance\node_modules\node-windows\lib\wrapper.js --file C:\Users\nakay\law-firm-attendance\server.cjs --scriptoptions= --log "Themis勤怠管理 wrapper" --grow 0.5 --wait 2 --maxrestarts 3 --abortonerror n --stopparentfirst undefined
2026-07-02 20:06:22 - Started 13236
2026-07-03 06:17:40 - Starting C:\Program Files\nodejs\node.exe  C:\Users\nakay\law-firm-attendance\node_modules\node-windows\lib\wrapper.js --file C:\Users\nakay\law-firm-attendance\server.cjs --scriptoptions= --log "Themis勤怠管理 wrapper" --grow 0.5 --wait 2 --maxrestarts 3 --abortonerror n --stopparentfirst undefined
2026-07-03 06:17:40 - Started 11612
2026-07-03 06:20:19 - Starting C:\Program Files\nodejs\node.exe  C:\Users\nakay\law-firm-attendance\node_modules\node-windows\lib\wrapper.js --file C:\Users\nakay\law-firm-attendance\server.cjs --scriptoptions= --log "Themis勤怠管理 wrapper" --grow 0.5 --wait 2 --maxrestarts 3 --abortonerror n --stopparentfirst undefined
2026-07-03 06:20:19 - Started 9984
2026-07-05 16:47:02 - Starting C:\Program Files\nodejs\node.exe  C:\Users\nakay\law-firm-attendance\node_modules\node-windows\lib\wrapper.js --file C:\Users\nakay\law-firm-attendance\server.cjs --scriptoptions= --log "Themis勤怠管理 wrapper" --grow 0.5 --wait 2 --maxrestarts 3 --abortonerror n --stopparentfirst undefined
2026-07-05 16:47:02 - Started 8196
2026-07-06 12:15:13 - Starting C:\Program Files\nodejs\node.exe  C:\Users\nakay\law-firm-attendance\node_modules\node-windows\lib\wrapper.js --file C:\Users\nakay\law-firm-attendance\server.cjs --scriptoptions= --log "Themis勤怠管理 wrapper" --grow 0.5 --wait 2 --maxrestarts 3 --abortonerror n --stopparentfirst undefined
2026-07-06 12:15:13 - Started 8788
2026-07-07 11:03:57 - Starting C:\Program Files\nodejs\node.exe  C:\Users\nakay\law-firm-attendance\node_modules\node-windows\lib\wrapper.js --file C:\Users\nakay\law-firm-attendance\server.cjs --scriptoptions= --log "Themis勤怠管理 wrapper" --grow 0.5 --wait 2 --maxrestarts 3 --abortonerror n --stopparentfirst undefined
2026-07-07 11:03:57 - Started 9276
2026-07-08 12:14:20 - Starting C:\Program Files\nodejs\node.exe  C:\Users\nakay\law-firm-attendance\node_modules\node-windows\lib\wrapper.js --file C:\Users\nakay\law-firm-attendance\server.cjs --scriptoptions= --log "Themis勤怠管理 wrapper" --grow 0.5 --wait 2 --maxrestarts 3 --abortonerror n --stopparentfirst undefined
2026-07-08 12:14:20 - Started 8592
2026-07-09 07:48:52 - Stopping themis.exe
2026-07-09 07:48:52 - ProcessKill 8592
2026-07-09 07:48:52 - Shutdown exception
Message:システム シャットダウンが実行中です。

Stacktrace:   場所 System.Runtime.InteropServices.Marshal.ThrowExceptionForHRInternal(Int32 errorCode, IntPtr errorInfo)
   場所 System.Management.ManagementScope.InitializeGuts(Object o)
   場所 System.Management.ManagementScope.Initialize()
   場所 System.Management.ManagementObjectSearcher.Initialize()
   場所 System.Management.ManagementObjectSearcher.Get()
   場所 winsw.WrapperService.GetChildPids(Int32 pid)
   場所 winsw.WrapperService.StopProcessAndChildren(Int32 pid)
   場所 winsw.WrapperService.StopIt()
   場所 winsw.WrapperService.OnShutdown()
2026-07-09 11:09:22 - Starting C:\Program Files\nodejs\node.exe  C:\Users\nakay\law-firm-attendance\node_modules\node-windows\lib\wrapper.js --file C:\Users\nakay\law-firm-attendance\server.cjs --scriptoptions= --log "Themis勤怠管理 wrapper" --grow 0.5 --wait 2 --maxrestarts 3 --abortonerror n --stopparentfirst undefined
2026-07-09 11:09:22 - Started 12248
2026-07-11 09:33:06 - Starting C:\Program Files\nodejs\node.exe  C:\Users\nakay\law-firm-attendance\node_modules\node-windows\lib\wrapper.js --file C:\Users\nakay\law-firm-attendance\server.cjs --scriptoptions= --log "Themis勤怠管理 wrapper" --grow 0.5 --wait 2 --maxrestarts 3 --abortonerror n --stopparentfirst undefined
2026-07-11 09:33:07 - Started 12512
2026-07-11 16:00:49 - Starting C:\Program Files\nodejs\node.exe  C:\Users\nakay\law-firm-attendance\node_modules\node-windows\lib\wrapper.js --file C:\Users\nakay\law-firm-attendance\server.cjs --scriptoptions= --log "Themis勤怠管理 wrapper" --grow 0.5 --wait 2 --maxrestarts 3 --abortonerror n --stopparentfirst undefined
2026-07-11 16:00:49 - Started 10072
2026-07-11 16:03:18 - Starting C:\Program Files\nodejs\node.exe  C:\Users\nakay\law-firm-attendance\node_modules\node-windows\lib\wrapper.js --file C:\Users\nakay\law-firm-attendance\server.cjs --scriptoptions= --log "Themis勤怠管理 wrapper" --grow 0.5 --wait 2 --maxrestarts 3 --abortonerror n --stopparentfirst undefined
2026-07-11 16:03:18 - Started 14832
2026-07-12 20:10:05 - Stopping themis.exe
2026-07-12 20:10:05 - ProcessKill 14832
2026-07-12 20:10:05 - Shutdown exception
Message:システム シャットダウンが実行中です。

Stacktrace:   場所 System.Runtime.InteropServices.Marshal.ThrowExceptionForHRInternal(Int32 errorCode, IntPtr errorInfo)
   場所 System.Management.ManagementScope.InitializeGuts(Object o)
   場所 System.Management.ManagementScope.Initialize()
   場所 System.Management.ManagementObjectSearcher.Initialize()
   場所 System.Management.ManagementObjectSearcher.Get()
   場所 winsw.WrapperService.GetChildPids(Int32 pid)
   場所 winsw.WrapperService.StopProcessAndChildren(Int32 pid)
   場所 winsw.WrapperService.StopIt()
   場所 winsw.WrapperService.OnShutdown()
2026-07-12 20:12:03 - Starting C:\Program Files\nodejs\node.exe  C:\Users\nakay\law-firm-attendance\node_modules\node-windows\lib\wrapper.js --file C:\Users\nakay\law-firm-attendance\server.cjs --scriptoptions= --log "Themis勤怠管理 wrapper" --grow 0.5 --wait 2 --maxrestarts 3 --abortonerror n --stopparentfirst undefined
2026-07-12 20:12:03 - Started 10960
2026-07-13 16:23:33 - Starting C:\Program Files\nodejs\node.exe  C:\Users\nakay\law-firm-attendance\node_modules\node-windows\lib\wrapper.js --file C:\Users\nakay\law-firm-attendance\server.cjs --scriptoptions= --log "Themis勤怠管理 wrapper" --grow 0.5 --wait 2 --maxrestarts 3 --abortonerror n --stopparentfirst undefined
2026-07-13 16:23:33 - Started 9220
2026-07-14 21:13:11 - Stopping themis.exe
2026-07-14 21:13:11 - ProcessKill 9220
2026-07-14 21:13:11 - Shutdown exception
Message:システム シャットダウンが実行中です。

Stacktrace:   場所 System.Runtime.InteropServices.Marshal.ThrowExceptionForHRInternal(Int32 errorCode, IntPtr errorInfo)
   場所 System.Management.ManagementScope.InitializeGuts(Object o)
   場所 System.Management.ManagementScope.Initialize()
   場所 System.Management.ManagementObjectSearcher.Initialize()
   場所 System.Management.ManagementObjectSearcher.Get()
   場所 winsw.WrapperService.GetChildPids(Int32 pid)
   場所 winsw.WrapperService.StopProcessAndChildren(Int32 pid)
   場所 winsw.WrapperService.StopIt()
   場所 winsw.WrapperService.OnShutdown()
2026-07-14 21:14:15 - Starting C:\Program Files\nodejs\node.exe  C:\Users\nakay\law-firm-attendance\node_modules\node-windows\lib\wrapper.js --file C:\Users\nakay\law-firm-attendance\server.cjs --scriptoptions= --log "Themis勤怠管理 wrapper" --grow 0.5 --wait 2 --maxrestarts 3 --abortonerror n --stopparentfirst undefined
2026-07-14 21:14:15 - Started 15412
2026-07-15 14:02:25 - Stopping themis.exe
2026-07-15 14:02:25 - ProcessKill 15412
2026-07-15 14:02:25 - Shutdown exception
Message:システム シャットダウンが実行中です。

Stacktrace:   場所 System.Runtime.InteropServices.Marshal.ThrowExceptionForHRInternal(Int32 errorCode, IntPtr errorInfo)
   場所 System.Management.ManagementScope.InitializeGuts(Object o)
   場所 System.Management.ManagementScope.Initialize()
   場所 System.Management.ManagementObjectSearcher.Initialize()
   場所 System.Management.ManagementObjectSearcher.Get()
   場所 winsw.WrapperService.GetChildPids(Int32 pid)
   場所 winsw.WrapperService.StopProcessAndChildren(Int32 pid)
   場所 winsw.WrapperService.StopIt()
   場所 winsw.WrapperService.OnShutdown()
2026-07-15 14:04:11 - Starting C:\Program Files\nodejs\node.exe  C:\Users\nakay\law-firm-attendance\node_modules\node-windows\lib\wrapper.js --file C:\Users\nakay\law-firm-attendance\server.cjs --scriptoptions= --log "Themis勤怠管理 wrapper" --grow 0.5 --wait 2 --maxrestarts 3 --abortonerror n --stopparentfirst undefined
2026-07-15 14:04:11 - Started 10660
2026-07-16 05:26:40 - Stopping themis.exe
2026-07-16 05:26:40 - ProcessKill 10660
2026-07-16 05:26:40 - Shutdown exception
Message:システム シャットダウンが実行中です。

Stacktrace:   場所 System.Runtime.InteropServices.Marshal.ThrowExceptionForHRInternal(Int32 errorCode, IntPtr errorInfo)
   場所 System.Management.ManagementScope.InitializeGuts(Object o)
   場所 System.Management.ManagementScope.Initialize()
   場所 System.Management.ManagementObjectSearcher.Initialize()
   場所 System.Management.ManagementObjectSearcher.Get()
   場所 winsw.WrapperService.GetChildPids(Int32 pid)
   場所 winsw.WrapperService.StopProcessAndChildren(Int32 pid)
   場所 winsw.WrapperService.StopIt()
   場所 winsw.WrapperService.OnShutdown()
2026-07-16 05:27:48 - Starting C:\Program Files\nodejs\node.exe  C:\Users\nakay\law-firm-attendance\node_modules\node-windows\lib\wrapper.js --file C:\Users\nakay\law-firm-attendance\server.cjs --scriptoptions= --log "Themis勤怠管理 wrapper" --grow 0.5 --wait 2 --maxrestarts 3 --abortonerror n --stopparentfirst undefined
2026-07-16 05:27:49 - Started 9312
2026-07-16 05:59:15 - Stopping themis.exe
2026-07-16 05:59:15 - ProcessKill 9312
2026-07-16 05:59:15 - Shutdown exception
Message:システム シャットダウンが実行中です。

Stacktrace:   場所 System.Runtime.InteropServices.Marshal.ThrowExceptionForHRInternal(Int32 errorCode, IntPtr errorInfo)
   場所 System.Management.ManagementScope.InitializeGuts(Object o)
   場所 System.Management.ManagementScope.Initialize()
   場所 System.Management.ManagementObjectSearcher.Initialize()
   場所 System.Management.ManagementObjectSearcher.Get()
   場所 winsw.WrapperService.GetChildPids(Int32 pid)
   場所 winsw.WrapperService.StopProcessAndChildren(Int32 pid)
   場所 winsw.WrapperService.StopIt()
   場所 winsw.WrapperService.OnShutdown()
2026-07-16 06:13:38 - Starting C:\Program Files\nodejs\node.exe  C:\Users\nakay\law-firm-attendance\node_modules\node-windows\lib\wrapper.js --file C:\Users\nakay\law-firm-attendance\server.cjs --scriptoptions= --log "Themis勤怠管理 wrapper" --grow 0.5 --wait 2 --maxrestarts 3 --abortonerror n --stopparentfirst undefined
2026-07-16 06:13:38 - Started 9588
2026-07-16 06:16:38 - Stopping themis.exe
2026-07-16 06:16:38 - ProcessKill 9588
2026-07-16 06:16:38 - Shutdown exception
Message:システム シャットダウンが実行中です。

Stacktrace:   場所 System.Runtime.InteropServices.Marshal.ThrowExceptionForHRInternal(Int32 errorCode, IntPtr errorInfo)
   場所 System.Management.ManagementScope.InitializeGuts(Object o)
   場所 System.Management.ManagementScope.Initialize()
   場所 System.Management.ManagementObjectSearcher.Initialize()
   場所 System.Management.ManagementObjectSearcher.Get()
   場所 winsw.WrapperService.GetChildPids(Int32 pid)
   場所 winsw.WrapperService.StopProcessAndChildren(Int32 pid)
   場所 winsw.WrapperService.StopIt()
   場所 winsw.WrapperService.OnShutdown()
2026-07-16 06:22:53 - Starting C:\Program Files\nodejs\node.exe  C:\Users\nakay\law-firm-attendance\node_modules\node-windows\lib\wrapper.js --file C:\Users\nakay\law-firm-attendance\server.cjs --scriptoptions= --log "Themis勤怠管理 wrapper" --grow 0.5 --wait 2 --maxrestarts 3 --abortonerror n --stopparentfirst undefined
2026-07-16 06:22:54 - Started 8948
2026-07-16 06:24:00 - Stopping themis.exe
2026-07-16 06:24:00 - ProcessKill 8948
2026-07-16 06:24:00 - Shutdown exception
Message:システム シャットダウンが実行中です。

Stacktrace:   場所 System.Runtime.InteropServices.Marshal.ThrowExceptionForHRInternal(Int32 errorCode, IntPtr errorInfo)
   場所 System.Management.ManagementScope.InitializeGuts(Object o)
   場所 System.Management.ManagementScope.Initialize()
   場所 System.Management.ManagementObjectSearcher.Initialize()
   場所 System.Management.ManagementObjectSearcher.Get()
   場所 winsw.WrapperService.GetChildPids(Int32 pid)
   場所 winsw.WrapperService.StopProcessAndChildren(Int32 pid)
   場所 winsw.WrapperService.StopIt()
   場所 winsw.WrapperService.OnShutdown()
2026-07-16 07:11:56 - Starting C:\Program Files\nodejs\node.exe  C:\Users\nakay\law-firm-attendance\node_modules\node-windows\lib\wrapper.js --file C:\Users\nakay\law-firm-attendance\server.cjs --scriptoptions= --log "Themis勤怠管理 wrapper" --grow 0.5 --wait 2 --maxrestarts 3 --abortonerror n --stopparentfirst undefined
2026-07-16 07:11:56 - Started 8848
2026-07-17 03:43:59 - Starting C:\Program Files\nodejs\node.exe  C:\Users\nakay\law-firm-attendance\node_modules\node-windows\lib\wrapper.js --file C:\Users\nakay\law-firm-attendance\server.cjs --scriptoptions= --log "Themis勤怠管理 wrapper" --grow 0.5 --wait 2 --maxrestarts 3 --abortonerror n --stopparentfirst undefined
2026-07-17 03:43:59 - Started 9212
2026-07-18 12:37:50 - Stopping themis.exe
2026-07-18 12:37:50 - ProcessKill 9212
2026-07-18 12:37:50 - Shutdown exception
Message:システム シャットダウンが実行中です。

Stacktrace:   場所 System.Runtime.InteropServices.Marshal.ThrowExceptionForHRInternal(Int32 errorCode, IntPtr errorInfo)
   場所 System.Management.ManagementScope.InitializeGuts(Object o)
   場所 System.Management.ManagementScope.Initialize()
   場所 System.Management.ManagementObjectSearcher.Initialize()
   場所 System.Management.ManagementObjectSearcher.Get()
   場所 winsw.WrapperService.GetChildPids(Int32 pid)
   場所 winsw.WrapperService.StopProcessAndChildren(Int32 pid)
   場所 winsw.WrapperService.StopIt()
   場所 winsw.WrapperService.OnShutdown()
2026-07-18 12:38:50 - Starting C:\Program Files\nodejs\node.exe  C:\Users\nakay\law-firm-attendance\node_modules\node-windows\lib\wrapper.js --file C:\Users\nakay\law-firm-attendance\server.cjs --scriptoptions= --log "Themis勤怠管理 wrapper" --grow 0.5 --wait 2 --maxrestarts 3 --abortonerror n --stopparentfirst undefined
2026-07-18 12:38:50 - Started 12864
2026-07-20 06:05:31 - Stopping themis.exe
2026-07-20 06:05:31 - ProcessKill 12864
2026-07-20 06:05:32 - Shutdown exception
Message:システム シャットダウンが実行中です。

Stacktrace:   場所 System.Runtime.InteropServices.Marshal.ThrowExceptionForHRInternal(Int32 errorCode, IntPtr errorInfo)
   場所 System.Management.ManagementScope.InitializeGuts(Object o)
   場所 System.Management.ManagementScope.Initialize()
   場所 System.Management.ManagementObjectSearcher.Initialize()
   場所 System.Management.ManagementObjectSearcher.Get()
   場所 winsw.WrapperService.GetChildPids(Int32 pid)
   場所 winsw.WrapperService.StopProcessAndChildren(Int32 pid)
   場所 winsw.WrapperService.StopIt()
   場所 winsw.WrapperService.OnShutdown()
2026-07-20 06:06:13 - Starting C:\Program Files\nodejs\node.exe  C:\Users\nakay\law-firm-attendance\node_modules\node-windows\lib\wrapper.js --file C:\Users\nakay\law-firm-attendance\server.cjs --scriptoptions= --log "Themis勤怠管理 wrapper" --grow 0.5 --wait 2 --maxrestarts 3 --abortonerror n --stopparentfirst undefined
2026-07-20 06:06:13 - Started 9496
2026-07-20 06:06:58 - Stopping themis.exe
2026-07-20 06:06:58 - ProcessKill 9496
2026-07-20 06:06:58 - Shutdown exception
Message:システム シャットダウンが実行中です。

Stacktrace:   場所 System.Runtime.InteropServices.Marshal.ThrowExceptionForHRInternal(Int32 errorCode, IntPtr errorInfo)
   場所 System.Management.ManagementScope.InitializeGuts(Object o)
   場所 System.Management.ManagementScope.Initialize()
   場所 System.Management.ManagementObjectSearcher.Initialize()
   場所 System.Management.ManagementObjectSearcher.Get()
   場所 winsw.WrapperService.GetChildPids(Int32 pid)
   場所 winsw.WrapperService.StopProcessAndChildren(Int32 pid)
   場所 winsw.WrapperService.StopIt()
   場所 winsw.WrapperService.OnShutdown()
2026-07-20 06:07:38 - Starting C:\Program Files\nodejs\node.exe  C:\Users\nakay\law-firm-attendance\node_modules\node-windows\lib\wrapper.js --file C:\Users\nakay\law-firm-attendance\server.cjs --scriptoptions= --log "Themis勤怠管理 wrapper" --grow 0.5 --wait 2 --maxrestarts 3 --abortonerror n --stopparentfirst undefined
2026-07-20 06:07:38 - Started 9800
2026-07-20 06:07:52 - Stopping themis.exe
2026-07-20 06:07:52 - ProcessKill 9800
2026-07-20 06:07:52 - Shutdown exception
Message:システム シャットダウンが実行中です。

Stacktrace:   場所 System.Runtime.InteropServices.Marshal.ThrowExceptionForHRInternal(Int32 errorCode, IntPtr errorInfo)
   場所 System.Management.ManagementScope.InitializeGuts(Object o)
   場所 System.Management.ManagementScope.Initialize()
   場所 System.Management.ManagementObjectSearcher.Initialize()
   場所 System.Management.ManagementObjectSearcher.Get()
   場所 winsw.WrapperService.GetChildPids(Int32 pid)
   場所 winsw.WrapperService.StopProcessAndChildren(Int32 pid)
   場所 winsw.WrapperService.StopIt()
   場所 winsw.WrapperService.OnShutdown()
2026-07-20 06:08:28 - Starting C:\Program Files\nodejs\node.exe  C:\Users\nakay\law-firm-attendance\node_modules\node-windows\lib\wrapper.js --file C:\Users\nakay\law-firm-attendance\server.cjs --scriptoptions= --log "Themis勤怠管理 wrapper" --grow 0.5 --wait 2 --maxrestarts 3 --abortonerror n --stopparentfirst undefined
2026-07-20 06:08:28 - Started 9828
2026-07-20 20:03:16 - Starting C:\Program Files\nodejs\node.exe  C:\Users\nakay\law-firm-attendance\node_modules\node-windows\lib\wrapper.js --file C:\Users\nakay\law-firm-attendance\server.cjs --scriptoptions= --log "Themis勤怠管理 wrapper" --grow 0.5 --wait 2 --maxrestarts 3 --abortonerror n --stopparentfirst undefined
2026-07-20 20:03:16 - Started 9184
2026-07-21 10:50:07 - Stopping themis.exe
2026-07-21 10:50:07 - ProcessKill 9184
2026-07-21 10:50:08 - Shutdown exception
Message:システム シャットダウンが実行中です。

Stacktrace:   場所 System.Runtime.InteropServices.Marshal.ThrowExceptionForHRInternal(Int32 errorCode, IntPtr errorInfo)
   場所 System.Management.ManagementScope.InitializeGuts(Object o)
   場所 System.Management.ManagementScope.Initialize()
   場所 System.Management.ManagementObjectSearcher.Initialize()
   場所 System.Management.ManagementObjectSearcher.Get()
   場所 winsw.WrapperService.GetChildPids(Int32 pid)
   場所 winsw.WrapperService.StopProcessAndChildren(Int32 pid)
   場所 winsw.WrapperService.StopIt()
   場所 winsw.WrapperService.OnShutdown()
2026-07-21 19:33:26 - Starting C:\Program Files\nodejs\node.exe  C:\Users\nakay\law-firm-attendance\node_modules\node-windows\lib\wrapper.js --file C:\Users\nakay\law-firm-attendance\server.cjs --scriptoptions= --log "Themis勤怠管理 wrapper" --grow 0.5 --wait 2 --maxrestarts 3 --abortonerror n --stopparentfirst undefined
2026-07-21 19:33:26 - Started 15408
2026-07-24 01:33:16 - Starting C:\Program Files\nodejs\node.exe  C:\Users\nakay\law-firm-attendance\node_modules\node-windows\lib\wrapper.js --file C:\Users\nakay\law-firm-attendance\server.cjs --scriptoptions= --log "Themis勤怠管理 wrapper" --grow 0.5 --wait 2 --maxrestarts 3 --abortonerror n --stopparentfirst undefined
2026-07-24 01:33:16 - Started 11476
2026-07-25 19:33:07 - Stopping themis.exe
2026-07-25 19:33:07 - ProcessKill 11476
2026-07-25 19:33:07 - Shutdown exception
Message:システム シャットダウンが実行中です。

Stacktrace:   場所 System.Runtime.InteropServices.Marshal.ThrowExceptionForHRInternal(Int32 errorCode, IntPtr errorInfo)
   場所 System.Management.ManagementScope.InitializeGuts(Object o)
   場所 System.Management.ManagementScope.Initialize()
   場所 System.Management.ManagementObjectSearcher.Initialize()
   場所 System.Management.ManagementObjectSearcher.Get()
   場所 winsw.WrapperService.GetChildPids(Int32 pid)
   場所 winsw.WrapperService.StopProcessAndChildren(Int32 pid)
   場所 winsw.WrapperService.StopIt()
   場所 winsw.WrapperService.OnShutdown()
2026-07-25 19:34:33 - Starting C:\Program Files\nodejs\node.exe  C:\Users\nakay\law-firm-attendance\node_modules\node-windows\lib\wrapper.js --file C:\Users\nakay\law-firm-attendance\server.cjs --scriptoptions= --log "Themis勤怠管理 wrapper" --grow 0.5 --wait 2 --maxrestarts 3 --abortonerror n --stopparentfirst undefined
2026-07-25 19:34:33 - Started 11804
2026-07-27 20:16:18 - Stopping themis.exe
2026-07-27 20:16:18 - ProcessKill 11804
2026-07-27 20:16:18 - Shutdown exception
Message:システム シャットダウンが実行中です。

Stacktrace:   場所 System.Runtime.InteropServices.Marshal.ThrowExceptionForHRInternal(Int32 errorCode, IntPtr errorInfo)
   場所 System.Management.ManagementScope.InitializeGuts(Object o)
   場所 System.Management.ManagementScope.Initialize()
   場所 System.Management.ManagementObjectSearcher.Initialize()
   場所 System.Management.ManagementObjectSearcher.Get()
   場所 winsw.WrapperService.GetChildPids(Int32 pid)
   場所 winsw.WrapperService.StopProcessAndChildren(Int32 pid)
   場所 winsw.WrapperService.StopIt()
   場所 winsw.WrapperService.OnShutdown()
2026-07-27 20:18:19 - Starting C:\Program Files\nodejs\node.exe  C:\Users\nakay\law-firm-attendance\node_modules\node-windows\lib\wrapper.js --file C:\Users\nakay\law-firm-attendance\server.cjs --scriptoptions= --log "Themis勤怠管理 wrapper" --grow 0.5 --wait 2 --maxrestarts 3 --abortonerror n --stopparentfirst undefined
2026-07-30 05:50:40 - Starting C:\Program Files\nodejs\node.exe  C:\Users\nakay\law-firm-attendance\node_modules\node-windows\lib\wrapper.js --file C:\Users\nakay\law-firm-attendance\server.cjs --scriptoptions= --log "Themis勤怠管理 wrapper" --grow 0.5 --wait 2 --maxrestarts 3 --abortonerror n --stopparentfirst undefined
2026-07-30 05:50:40 - Started 9832
2026-07-30 05:52:12 - Stopping themis.exe
2026-07-30 05:52:12 - ProcessKill 9832
2026-07-30 05:52:13 - Shutdown exception
Message:システム シャットダウンが実行中です。

Stacktrace:   場所 System.Runtime.InteropServices.Marshal.ThrowExceptionForHRInternal(Int32 errorCode, IntPtr errorInfo)
   場所 System.Management.ManagementScope.InitializeGuts(Object o)
   場所 System.Management.ManagementScope.Initialize()
   場所 System.Management.ManagementObjectSearcher.Initialize()
   場所 System.Management.ManagementObjectSearcher.Get()
   場所 winsw.WrapperService.GetChildPids(Int32 pid)
   場所 winsw.WrapperService.StopProcessAndChildren(Int32 pid)
   場所 winsw.WrapperService.StopIt()
   場所 winsw.WrapperService.OnShutdown()
2026-07-30 05:53:03 - Starting C:\Program Files\nodejs\node.exe  C:\Users\nakay\law-firm-attendance\node_modules\node-windows\lib\wrapper.js --file C:\Users\nakay\law-firm-attendance\server.cjs --scriptoptions= --log "Themis勤怠管理 wrapper" --grow 0.5 --wait 2 --maxrestarts 3 --abortonerror n --stopparentfirst undefined
2026-07-30 05:53:04 - Started 9904
2026-07-30 05:53:41 - Stopping themis.exe
2026-07-30 05:53:41 - ProcessKill 9904
2026-07-30 05:53:41 - Shutdown exception
Message:システム シャットダウンが実行中です。

Stacktrace:   場所 System.Runtime.InteropServices.Marshal.ThrowExceptionForHRInternal(Int32 errorCode, IntPtr errorInfo)
   場所 System.Management.ManagementScope.InitializeGuts(Object o)
   場所 System.Management.ManagementScope.Initialize()
   場所 System.Management.ManagementObjectSearcher.Initialize()
   場所 System.Management.ManagementObjectSearcher.Get()
   場所 winsw.WrapperService.GetChildPids(Int32 pid)
   場所 winsw.WrapperService.StopProcessAndChildren(Int32 pid)
   場所 winsw.WrapperService.StopIt()
   場所 winsw.WrapperService.OnShutdown()
2026-07-30 05:54:33 - Starting C:\Program Files\nodejs\node.exe  C:\Users\nakay\law-firm-attendance\node_modules\node-windows\lib\wrapper.js --file C:\Users\nakay\law-firm-attendance\server.cjs --scriptoptions= --log "Themis勤怠管理 wrapper" --grow 0.5 --wait 2 --maxrestarts 3 --abortonerror n --stopparentfirst undefined
2026-07-30 05:54:33 - Started 9872
2026-07-30 20:49:59 - Starting C:\Program Files\nodejs\node.exe  C:\Users\nakay\law-firm-attendance\node_modules\node-windows\lib\wrapper.js --file C:\Users\nakay\law-firm-attendance\server.cjs --scriptoptions= --log "Themis勤怠管理 wrapper" --grow 0.5 --wait 2 --maxrestarts 3 --abortonerror n --stopparentfirst undefined
2026-07-30 20:49:59 - Started 10084
2026-08-03 11:17:42 - Starting C:\Program Files\nodejs\node.exe  C:\Users\nakay\law-firm-attendance\node_modules\node-windows\lib\wrapper.js --file C:\Users\nakay\law-firm-attendance\server.cjs --scriptoptions= --log "Themis勤怠管理 wrapper" --grow 0.5 --wait 2 --maxrestarts 3 --abortonerror n --stopparentfirst undefined
2026-08-03 11:17:42 - Started 11152
2026-08-04 08:01:10 - Stopping themis.exe
2026-08-04 08:01:10 - ProcessKill 11152
2026-08-04 08:01:10 - Shutdown exception
Message:システム シャットダウンが実行中です。

Stacktrace:   場所 System.Runtime.InteropServices.Marshal.ThrowExceptionForHRInternal(Int32 errorCode, IntPtr errorInfo)
   場所 System.Management.ManagementScope.InitializeGuts(Object o)
   場所 System.Management.ManagementScope.Initialize()
   場所 System.Management.ManagementObjectSearcher.Initialize()
   場所 System.Management.ManagementObjectSearcher.Get()
   場所 winsw.WrapperService.GetChildPids(Int32 pid)
   場所 winsw.WrapperService.StopProcessAndChildren(Int32 pid)
   場所 winsw.WrapperService.StopIt()
   場所 winsw.WrapperService.OnShutdown()
2026-08-04 08:02:12 - Starting C:\Program Files\nodejs\node.exe  C:\Users\nakay\law-firm-attendance\node_modules\node-windows\lib\wrapper.js --file C:\Users\nakay\law-firm-attendance\server.cjs --scriptoptions= --log "Themis勤怠管理 wrapper" --grow 0.5 --wait 2 --maxrestarts 3 --abortonerror n --stopparentfirst undefined
2026-08-04 08:02:12 - Started 11584
2026-08-06 09:54:28 - Stopping themis.exe
2026-08-06 09:54:28 - ProcessKill 11584
2026-08-06 09:54:28 - Shutdown exception
Message:システム シャットダウンが実行中です。

Stacktrace:   場所 System.Runtime.InteropServices.Marshal.ThrowExceptionForHRInternal(Int32 errorCode, IntPtr errorInfo)
   場所 System.Management.ManagementScope.InitializeGuts(Object o)
   場所 System.Management.ManagementScope.Initialize()
   場所 System.Management.ManagementObjectSearcher.Initialize()
   場所 System.Management.ManagementObjectSearcher.Get()
   場所 winsw.WrapperService.GetChildPids(Int32 pid)
   場所 winsw.WrapperService.StopProcessAndChildren(Int32 pid)
   場所 winsw.WrapperService.StopIt()
   場所 winsw.WrapperService.OnShutdown()
2026-08-06 09:55:52 - Starting C:\Program Files\nodejs\node.exe  C:\Users\nakay\law-firm-attendance\node_modules\node-windows\lib\wrapper.js --file C:\Users\nakay\law-firm-attendance\server.cjs --scriptoptions= --log "Themis勤怠管理 wrapper" --grow 0.5 --wait 2 --maxrestarts 3 --abortonerror n --stopparentfirst undefined
2026-08-06 09:55:52 - Started 13300
2026-08-06 18:46:49 - Stopping themis.exe
2026-08-06 18:46:49 - ProcessKill 13300
2026-08-06 18:46:50 - Shutdown exception
Message:システム シャットダウンが実行中です。

Stacktrace:   場所 System.Runtime.InteropServices.Marshal.ThrowExceptionForHRInternal(Int32 errorCode, IntPtr errorInfo)
   場所 System.Management.ManagementScope.InitializeGuts(Object o)
   場所 System.Management.ManagementScope.Initialize()
   場所 System.Management.ManagementObjectSearcher.Initialize()
   場所 System.Management.ManagementObjectSearcher.Get()
   場所 winsw.WrapperService.GetChildPids(Int32 pid)
   場所 winsw.WrapperService.StopProcessAndChildren(Int32 pid)
   場所 winsw.WrapperService.StopIt()
   場所 winsw.WrapperService.OnShutdown()
2026-08-06 18:48:36 - Starting C:\Program Files\nodejs\node.exe  C:\Users\nakay\law-firm-attendance\node_modules\node-windows\lib\wrapper.js --file C:\Users\nakay\law-firm-attendance\server.cjs --scriptoptions= --log "Themis勤怠管理 wrapper" --grow 0.5 --wait 2 --maxrestarts 3 --abortonerror n --stopparentfirst undefined
2026-08-06 18:48:36 - Started 16224
2026-08-10 11:19:24 - Stopping themis.exe
2026-08-10 11:19:24 - ProcessKill 16224
2026-08-10 11:19:24 - Shutdown exception
Message:システム シャットダウンが実行中です。

Stacktrace:   場所 System.Runtime.InteropServices.Marshal.ThrowExceptionForHRInternal(Int32 errorCode, IntPtr errorInfo)
   場所 System.Management.ManagementScope.InitializeGuts(Object o)
   場所 System.Management.ManagementScope.Initialize()
   場所 System.Management.ManagementObjectSearcher.Initialize()
   場所 System.Management.ManagementObjectSearcher.Get()
   場所 winsw.WrapperService.GetChildPids(Int32 pid)
   場所 winsw.WrapperService.StopProcessAndChildren(Int32 pid)
   場所 winsw.WrapperService.StopIt()
   場所 winsw.WrapperService.OnShutdown()
2026-08-10 14:21:40 - Starting C:\Program Files\nodejs\node.exe  C:\Users\nakay\law-firm-attendance\node_modules\node-windows\lib\wrapper.js --file C:\Users\nakay\law-firm-attendance\server.cjs --scriptoptions= --log "Themis勤怠管理 wrapper" --grow 0.5 --wait 2 --maxrestarts 3 --abortonerror n --stopparentfirst undefined
2026-08-10 14:21:40 - Started 11456
2026-08-12 23:55:42 - Stopping themis.exe
2026-08-12 23:55:42 - ProcessKill 11456
2026-08-12 23:55:42 - Shutdown exception
Message:システム シャットダウンが実行中です。

Stacktrace:   場所 System.Runtime.InteropServices.Marshal.ThrowExceptionForHRInternal(Int32 errorCode, IntPtr errorInfo)
   場所 System.Management.ManagementScope.InitializeGuts(Object o)
   場所 System.Management.ManagementScope.Initialize()
   場所 System.Management.ManagementObjectSearcher.Initialize()
   場所 System.Management.ManagementObjectSearcher.Get()
   場所 winsw.WrapperService.GetChildPids(Int32 pid)
   場所 winsw.WrapperService.StopProcessAndChildren(Int32 pid)
   場所 winsw.WrapperService.StopIt()
   場所 winsw.WrapperService.OnShutdown()
2026-08-12 23:56:37 - Starting C:\Program Files\nodejs\node.exe  C:\Users\nakay\law-firm-attendance\node_modules\node-windows\lib\wrapper.js --file C:\Users\nakay\law-firm-attendance\server.cjs --scriptoptions= --log "Themis勤怠管理 wrapper" --grow 0.5 --wait 2 --maxrestarts 3 --abortonerror n --stopparentfirst undefined
2026-08-12 23:56:37 - Started 10360
2026-08-12 23:57:44 - Stopping themis.exe
2026-08-12 23:57:44 - ProcessKill 10360
2026-08-12 23:57:44 - Shutdown exception
Message:システム シャットダウンが実行中です。

Stacktrace:   場所 System.Runtime.InteropServices.Marshal.ThrowExceptionForHRInternal(Int32 errorCode, IntPtr errorInfo)
   場所 System.Management.ManagementScope.InitializeGuts(Object o)
   場所 System.Management.ManagementScope.Initialize()
   場所 System.Management.ManagementObjectSearcher.Initialize()
   場所 System.Management.ManagementObjectSearcher.Get()
   場所 winsw.WrapperService.GetChildPids(Int32 pid)
   場所 winsw.WrapperService.StopProcessAndChildren(Int32 pid)
   場所 winsw.WrapperService.StopIt()
   場所 winsw.WrapperService.OnShutdown()
2026-08-12 23:58:33 - Starting C:\Program Files\nodejs\node.exe  C:\Users\nakay\law-firm-attendance\node_modules\node-windows\lib\wrapper.js --file C:\Users\nakay\law-firm-attendance\server.cjs --scriptoptions= --log "Themis勤怠管理 wrapper" --grow 0.5 --wait 2 --maxrestarts 3 --abortonerror n --stopparentfirst undefined
2026-08-12 23:58:33 - Started 10196
2026-08-12 23:59:05 - Stopping themis.exe
2026-08-12 23:59:05 - ProcessKill 10196
2026-08-12 23:59:05 - Shutdown exception
Message:システム シャットダウンが実行中です。

Stacktrace:   場所 System.Runtime.InteropServices.Marshal.ThrowExceptionForHRInternal(Int32 errorCode, IntPtr errorInfo)
   場所 System.Management.ManagementScope.InitializeGuts(Object o)
   場所 System.Management.ManagementScope.Initialize()
   場所 System.Management.ManagementObjectSearcher.Initialize()
   場所 System.Management.ManagementObjectSearcher.Get()
   場所 winsw.WrapperService.GetChildPids(Int32 pid)
   場所 winsw.WrapperService.StopProcessAndChildren(Int32 pid)
   場所 winsw.WrapperService.StopIt()
   場所 winsw.WrapperService.OnShutdown()
2026-08-12 23:59:53 - Starting C:\Program Files\nodejs\node.exe  C:\Users\nakay\law-firm-attendance\node_modules\node-windows\lib\wrapper.js --file C:\Users\nakay\law-firm-attendance\server.cjs --scriptoptions= --log "Themis勤怠管理 wrapper" --grow 0.5 --wait 2 --maxrestarts 3 --abortonerror n --stopparentfirst undefined
2026-08-12 23:59:53 - Started 9712
2026-08-25 11:34:08 - Stopping themis.exe
2026-08-25 11:34:08 - ProcessKill 9712
2026-08-25 11:34:08 - Shutdown exception
Message:システム シャットダウンが実行中です。

Stacktrace:   場所 System.Runtime.InteropServices.Marshal.ThrowExceptionForHRInternal(Int32 errorCode, IntPtr errorInfo)
   場所 System.Management.ManagementScope.InitializeGuts(Object o)
   場所 System.Management.ManagementScope.Initialize()
   場所 System.Management.ManagementObjectSearcher.Initialize()
   場所 System.Management.ManagementObjectSearcher.Get()
   場所 winsw.WrapperService.GetChildPids(Int32 pid)
   場所 winsw.WrapperService.StopProcessAndChildren(Int32 pid)
   場所 winsw.WrapperService.StopIt()
   場所 winsw.WrapperService.OnShutdown()
2026-08-25 11:35:36 - Starting C:\Program Files\nodejs\node.exe  C:\Users\nakay\law-firm-attendance\node_modules\node-windows\lib\wrapper.js --file C:\Users\nakay\law-firm-attendance\server.cjs --scriptoptions= --log "Themis勤怠管理 wrapper" --grow 0.5 --wait 2 --maxrestarts 3 --abortonerror n --stopparentfirst undefined
2026-08-25 11:35:37 - Started 12204
2026-08-28 22:40:02 - Stopping themis.exe
2026-08-28 22:40:02 - ProcessKill 12204
2026-08-28 22:40:02 - Shutdown exception
Message:システム シャットダウンが実行中です。

Stacktrace:   場所 System.Runtime.InteropServices.Marshal.ThrowExceptionForHRInternal(Int32 errorCode, IntPtr errorInfo)
   場所 System.Management.ManagementScope.InitializeGuts(Object o)
   場所 System.Management.ManagementScope.Initialize()
   場所 System.Management.ManagementObjectSearcher.Initialize()
   場所 System.Management.ManagementObjectSearcher.Get()
   場所 winsw.WrapperService.GetChildPids(Int32 pid)
   場所 winsw.WrapperService.StopProcessAndChildren(Int32 pid)
   場所 winsw.WrapperService.StopIt()
   場所 winsw.WrapperService.OnShutdown()
2026-08-28 22:41:03 - Starting C:\Program Files\nodejs\node.exe  C:\Users\nakay\law-firm-attendance\node_modules\node-windows\lib\wrapper.js --file C:\Users\nakay\law-firm-attendance\server.cjs --scriptoptions= --log "Themis勤怠管理 wrapper" --grow 0.5 --wait 2 --maxrestarts 3 --abortonerror n --stopparentfirst undefined
2026-08-28 22:41:04 - Started 1524
2026-08-28 22:42:12 - Stopping themis.exe
2026-08-28 22:42:12 - ProcessKill 1524
2026-08-28 22:42:12 - Shutdown exception
Message:システム シャットダウンが実行中です。

Stacktrace:   場所 System.Runtime.InteropServices.Marshal.ThrowExceptionForHRInternal(Int32 errorCode, IntPtr errorInfo)
   場所 System.Management.ManagementScope.InitializeGuts(Object o)
   場所 System.Management.ManagementScope.Initialize()
   場所 System.Management.ManagementObjectSearcher.Initialize()
   場所 System.Management.ManagementObjectSearcher.Get()
   場所 winsw.WrapperService.GetChildPids(Int32 pid)
   場所 winsw.WrapperService.StopProcessAndChildren(Int32 pid)
   場所 winsw.WrapperService.StopIt()
   場所 winsw.WrapperService.OnShutdown()
2026-08-28 22:43:02 - Starting C:\Program Files\nodejs\node.exe  C:\Users\nakay\law-firm-attendance\node_modules\node-windows\lib\wrapper.js --file C:\Users\nakay\law-firm-attendance\server.cjs --scriptoptions= --log "Themis勤怠管理 wrapper" --grow 0.5 --wait 2 --maxrestarts 3 --abortonerror n --stopparentfirst undefined
2026-08-28 22:43:02 - Started 9656
2026-08-28 22:43:24 - Stopping themis.exe
2026-08-28 22:43:24 - ProcessKill 9656
2026-08-28 22:43:24 - Shutdown exception
Message:システム シャットダウンが実行中です。

Stacktrace:   場所 System.Runtime.InteropServices.Marshal.ThrowExceptionForHRInternal(Int32 errorCode, IntPtr errorInfo)
   場所 System.Management.ManagementScope.InitializeGuts(Object o)
   場所 System.Management.ManagementScope.Initialize()
   場所 System.Management.ManagementObjectSearcher.Initialize()
   場所 System.Management.ManagementObjectSearcher.Get()
   場所 winsw.WrapperService.GetChildPids(Int32 pid)
   場所 winsw.WrapperService.StopProcessAndChildren(Int32 pid)
   場所 winsw.WrapperService.StopIt()
   場所 winsw.WrapperService.OnShutdown()
2026-08-28 22:44:14 - Starting C:\Program Files\nodejs\node.exe  C:\Users\nakay\law-firm-attendance\node_modules\node-windows\lib\wrapper.js --file C:\Users\nakay\law-firm-attendance\server.cjs --scriptoptions= --log "Themis勤怠管理 wrapper" --grow 0.5 --wait 2 --maxrestarts 3 --abortonerror n --stopparentfirst undefined
2026-08-28 22:44:14 - Started 9448
2026-08-28 22:44:34 - Stopping themis.exe
2026-08-28 22:44:34 - ProcessKill 9448
2026-08-28 22:44:34 - Shutdown exception
Message:システム シャットダウンが実行中です。

Stacktrace:   場所 System.Runtime.InteropServices.Marshal.ThrowExceptionForHRInternal(Int32 errorCode, IntPtr errorInfo)
   場所 System.Management.ManagementScope.InitializeGuts(Object o)
   場所 System.Management.ManagementScope.Initialize()
   場所 System.Management.ManagementObjectSearcher.Initialize()
   場所 System.Management.ManagementObjectSearcher.Get()
   場所 winsw.WrapperService.GetChildPids(Int32 pid)
   場所 winsw.WrapperService.StopProcessAndChildren(Int32 pid)
   場所 winsw.WrapperService.StopIt()
   場所 winsw.WrapperService.OnShutdown()
2026-08-29 16:47:33 - Starting C:\Program Files\nodejs\node.exe  C:\Users\nakay\law-firm-attendance\node_modules\node-windows\lib\wrapper.js --file C:\Users\nakay\law-firm-attendance\server.cjs --scriptoptions= --log "Themis勤怠管理 wrapper" --grow 0.5 --wait 2 --maxrestarts 3 --abortonerror n --stopparentfirst undefined
2026-08-29 16:47:33 - Started 10076
                                                                                                                                                                                                                                                                                                                                                                                                                                                                                                                                                                                                                                                                                                                                                                                                          2026-08-30 20:09:33 - Starting C:\Program Files\nodejs\node.exe  C:\Users\nakay\law-firm-attendance\node_modules\node-windows\lib\wrapper.js --file C:\Users\nakay\law-firm-attendance\server.cjs --scriptoptions= --log "Themis勤怠管理 wrapper" --grow 0.5 --wait 2 --maxrestarts 3 --abortonerror n --stopparentfirst undefined
2026-08-30 20:09:33 - Started 14288
2026-09-02 21:01:25 - Stopping themis.exe
2026-09-02 21:01:25 - ProcessKill 14288
2026-09-02 21:01:25 - Shutdown exception
Message:システム シャットダウンが実行中です。

Stacktrace:   場所 System.Runtime.InteropServices.Marshal.ThrowExceptionForHRInternal(Int32 errorCode, IntPtr errorInfo)
   場所 System.Management.ManagementScope.InitializeGuts(Object o)
   場所 System.Management.ManagementScope.Initialize()
   場所 System.Management.ManagementObjectSearcher.Initialize()
   場所 System.Management.ManagementObjectSearcher.Get()
   場所 winsw.WrapperService.GetChildPids(Int32 pid)
   場所 winsw.WrapperService.StopProcessAndChildren(Int32 pid)
   場所 winsw.WrapperService.StopIt()
   場所 winsw.WrapperService.OnShutdown()
2026-09-02 21:14:36 - Starting C:\Program Files\nodejs\node.exe  C:\Users\nakay\law-firm-attendance\node_modules\node-windows\lib\wrapper.js --file C:\Users\nakay\law-firm-attendance\server.cjs --scriptoptions= --log "Themis勤怠管理 wrapper" --grow 0.5 --wait 2 --maxrestarts 3 --abortonerror n --stopparentfirst undefined
2026-09-02 21:14:36 - Started 15840
2026-09-03 04:19:59 - Stopping themis.exe
2026-09-03 04:19:59 - ProcessKill 15840
2026-09-03 04:19:59 - Shutdown exception
Message:クラスが登録されていません

Stacktrace:   場所 System.Runtime.InteropServices.Marshal.ThrowExceptionForHRInternal(Int32 errorCode, IntPtr errorInfo)
   場所 System.Management.ManagementScope.InitializeGuts(Object o)
   場所 System.Management.ManagementScope.Initialize()
   場所 System.Management.ManagementObjectSearcher.Initialize()
   場所 System.Management.ManagementObjectSearcher.Get()
   場所 winsw.WrapperService.GetChildPids(Int32 pid)
   場所 winsw.WrapperService.StopProcessAndChildren(Int32 pid)
   場所 winsw.WrapperService.StopIt()
   場所 winsw.WrapperService.OnShutdown()
2026-09-03 04:21:06 - Starting C:\Program Files\nodejs\node.exe  C:\Users\nakay\law-firm-attendance\node_modules\node-windows\lib\wrapper.js --file C:\Users\nakay\law-firm-attendance\server.cjs --scriptoptions= --log "Themis勤怠管理 wrapper" --grow 0.5 --wait 2 --maxrestarts 3 --abortonerror n --stopparentfirst undefined
2026-09-03 04:21:06 - Started 16188
2026-09-06 21:53:27 - Starting C:\Program Files\nodejs\node.exe  C:\Users\nakay\law-firm-attendance\node_modules\node-windows\lib\wrapper.js --file C:\Users\nakay\law-firm-attendance\server.cjs --scriptoptions= --log "Themis勤怠管理 wrapper" --grow 0.5 --wait 2 --maxrestarts 3 --abortonerror n --stopparentfirst undefined
2026-09-06 21:53:27 - Started 10472
2026-09-07 10:01:55 - Stopping themis.exe
2026-09-07 10:01:55 - ProcessKill 10472
2026-09-07 10:01:56 - Shutdown exception
Message:クラスが登録されていません

Stacktrace:   場所 System.Runtime.InteropServices.Marshal.ThrowExceptionForHRInternal(Int32 errorCode, IntPtr errorInfo)
   場所 System.Management.ManagementScope.InitializeGuts(Object o)
   場所 System.Management.ManagementScope.Initialize()
   場所 System.Management.ManagementObjectSearcher.Initialize()
   場所 System.Management.ManagementObjectSearcher.Get()
   場所 winsw.WrapperService.GetChildPids(Int32 pid)
   場所 winsw.WrapperService.StopProcessAndChildren(Int32 pid)
   場所 winsw.WrapperService.StopIt()
   場所 winsw.WrapperService.OnShutdown()
2026-09-07 10:04:37 - Starting C:\Program Files\nodejs\node.exe  C:\Users\nakay\law-firm-attendance\node_modules\node-windows\lib\wrapper.js --file C:\Users\nakay\law-firm-attendance\server.cjs --scriptoptions= --log "Themis勤怠管理 wrapper" --grow 0.5 --wait 2 --maxrestarts 3 --abortonerror n --stopparentfirst undefined
2026-09-07 10:04:37 - Started 11624
2026-09-07 16:22:48 - Stopping themis.exe
2026-09-07 16:22:48 - ProcessKill 11624
2026-09-07 16:22:48 - Shutdown exception
Message:クラスが登録されていません

Stacktrace:   場所 System.Runtime.InteropServices.Marshal.ThrowExceptionForHRInternal(Int32 errorCode, IntPtr errorInfo)
   場所 System.Management.ManagementScope.InitializeGuts(Object o)
   場所 System.Management.ManagementScope.Initialize()
   場所 System.Management.ManagementObjectSearcher.Initialize()
   場所 System.Management.ManagementObjectSearcher.Get()
   場所 winsw.WrapperService.GetChildPids(Int32 pid)
   場所 winsw.WrapperService.StopProcessAndChildren(Int32 pid)
   場所 winsw.WrapperService.StopIt()
   場所 winsw.WrapperService.OnShutdown()
2026-09-07 16:26:45 - Starting C:\Program Files\nodejs\node.exe  C:\Users\nakay\law-firm-attendance\node_modules\node-windows\lib\wrapper.js --file C:\Users\nakay\law-firm-attendance\server.cjs --scriptoptions= --log "Themis勤怠管理 wrapper" --grow 0.5 --wait 2 --maxrestarts 3 --abortonerror n --stopparentfirst undefined
2026-09-07 16:26:45 - Started 11792
2026-09-08 23:06:42 - Stopping themis.exe
2026-09-08 23:06:42 - ProcessKill 11792
2026-09-08 23:06:42 - Shutdown exception
Message:クラスが登録されていません

Stacktrace:   場所 System.Runtime.InteropServices.Marshal.ThrowExceptionForHRInternal(Int32 errorCode, IntPtr errorInfo)
   場所 System.Management.ManagementScope.InitializeGuts(Object o)
   場所 System.Management.ManagementScope.Initialize()
   場所 System.Management.ManagementObjectSearcher.Initialize()
   場所 System.Management.ManagementObjectSearcher.Get()
   場所 winsw.WrapperService.GetChildPids(Int32 pid)
   場所 winsw.WrapperService.StopProcessAndChildren(Int32 pid)
   場所 winsw.WrapperService.StopIt()
   場所 winsw.WrapperService.OnShutdown()
2026-09-08 23:14:13 - Starting C:\Program Files\nodejs\node.exe  C:\Users\nakay\law-firm-attendance\node_modules\node-windows\lib\wrapper.js --file C:\Users\nakay\law-firm-attendance\server.cjs --scriptoptions= --log "Themis勤怠管理 wrapper" --grow 0.5 --wait 2 --maxrestarts 3 --abortonerror n --stopparentfirst undefined
2026-09-08 23:14:14 - Started 15596
2026-09-10 16:15:13 - Stopping themis.exe
2026-09-10 16:15:13 - ProcessKill 15596
2026-09-10 16:15:13 - Shutdown exception
Message:クラスが登録されていません

Stacktrace:   場所 System.Runtime.InteropServices.Marshal.ThrowExceptionForHRInternal(Int32 errorCode, IntPtr errorInfo)
   場所 System.Management.ManagementScope.InitializeGuts(Object o)
   場所 System.Management.ManagementScope.Initialize()
   場所 System.Management.ManagementObjectSearcher.Initialize()
   場所 System.Management.ManagementObjectSearcher.Get()
   場所 winsw.WrapperService.GetChildPids(Int32 pid)
   場所 winsw.WrapperService.StopProcessAndChildren(Int32 pid)
   場所 winsw.WrapperService.StopIt()
   場所 winsw.WrapperService.OnShutdown()
2026-09-10 16:17:35 - Starting C:\Program Files\nodejs\node.exe  C:\Users\nakay\law-firm-attendance\node_modules\node-windows\lib\wrapper.js --file C:\Users\nakay\law-firm-attendance\server.cjs --scriptoptions= --log "Themis勤怠管理 wrapper" --grow 0.5 --wait 2 --maxrestarts 3 --abortonerror n --stopparentfirst undefined
2026-09-10 16:17:35 - Started 15416
2026-09-11 01:40:04 - Stopping themis.exe
2026-09-11 01:40:04 - ProcessKill 15416
2026-09-11 01:40:04 - Shutdown exception
Message:クラスが登録されていません

Stacktrace:   場所 System.Runtime.InteropServices.Marshal.ThrowExceptionForHRInternal(Int32 errorCode, IntPtr errorInfo)
   場所 System.Management.ManagementScope.InitializeGuts(Object o)
   場所 System.Management.ManagementScope.Initialize()
   場所 System.Management.ManagementObjectSearcher.Initialize()
   場所 System.Management.ManagementObjectSearcher.Get()
   場所 winsw.WrapperService.GetChildPids(Int32 pid)
   場所 winsw.WrapperService.StopProcessAndChildren(Int32 pid)
   場所 winsw.WrapperService.StopIt()
   場所 winsw.WrapperService.OnShutdown()
2026-09-11 01:41:18 - Starting C:\Program Files\nodejs\node.exe  C:\Users\nakay\law-firm-attendance\node_modules\node-windows\lib\wrapper.js --file C:\Users\nakay\law-firm-attendance\server.cjs --scriptoptions= --log "Themis勤怠管理 wrapper" --grow 0.5 --wait 2 --maxrestarts 3 --abortonerror n --stopparentfirst undefined
2026-09-11 01:41:18 - Started 17048
2026-09-11 08:23:59 - Stopping themis.exe
2026-09-11 08:23:59 - ProcessKill 17048
2026-09-11 08:23:59 - Shutdown exception
Message:クラスが登録されていません

Stacktrace:   場所 System.Runtime.InteropServices.Marshal.ThrowExceptionForHRInternal(Int32 errorCode, IntPtr errorInfo)
   場所 System.Management.ManagementScope.InitializeGuts(Object o)
   場所 System.Management.ManagementScope.Initialize()
   場所 System.Management.ManagementObjectSearcher.Initialize()
   場所 System.Management.ManagementObjectSearcher.Get()
   場所 winsw.WrapperService.GetChildPids(Int32 pid)
   場所 winsw.WrapperService.StopProcessAndChildren(Int32 pid)
   場所 winsw.WrapperService.StopIt()
   場所 winsw.WrapperService.OnShutdown()
2026-09-11 08:24:55 - Starting C:\Program Files\nodejs\node.exe  C:\Users\nakay\law-firm-attendance\node_modules\node-windows\lib\wrapper.js --file C:\Users\nakay\law-firm-attendance\server.cjs --scriptoptions= --log "Themis勤怠管理 wrapper" --grow 0.5 --wait 2 --maxrestarts 3 --abortonerror n --stopparentfirst undefined
2026-09-11 08:24:55 - Started 9864
2026-09-11 08:26:51 - Stopping themis.exe
2026-09-11 08:26:51 - ProcessKill 9864
2026-09-11 08:26:51 - Shutdown exception
Message:クラスが登録されていません

Stacktrace:   場所 System.Runtime.InteropServices.Marshal.ThrowExceptionForHRInternal(Int32 errorCode, IntPtr errorInfo)
   場所 System.Management.ManagementScope.InitializeGuts(Object o)
   場所 System.Management.ManagementScope.Initialize()
   場所 System.Management.ManagementObjectSearcher.Initialize()
   場所 System.Management.ManagementObjectSearcher.Get()
   場所 winsw.WrapperService.GetChildPids(Int32 pid)
   場所 winsw.WrapperService.StopProcessAndChildren(Int32 pid)
   場所 winsw.WrapperService.StopIt()
   場所 winsw.WrapperService.OnShutdown()
2026-09-11 08:27:41 - Starting C:\Program Files\nodejs\node.exe  C:\Users\nakay\law-firm-attendance\node_modules\node-windows\lib\wrapper.js --file C:\Users\nakay\law-firm-attendance\server.cjs --scriptoptions= --log "Themis勤怠管理 wrapper" --grow 0.5 --wait 2 --maxrestarts 3 --abortonerror n --stopparentfirst undefined
2026-09-11 08:27:41 - Started 10012
2026-09-11 08:28:01 - Stopping themis.exe
2026-09-11 08:28:01 - ProcessKill 10012
2026-09-11 08:28:01 - Shutdown exception
Message:クラスが登録されていません

Stacktrace:   場所 System.Runtime.InteropServices.Marshal.ThrowExceptionForHRInternal(Int32 errorCode, IntPtr errorInfo)
   場所 System.Management.ManagementScope.InitializeGuts(Object o)
   場所 System.Management.ManagementScope.Initialize()
   場所 System.Management.ManagementObjectSearcher.Initialize()
   場所 System.Management.ManagementObjectSearcher.Get()
   場所 winsw.WrapperService.GetChildPids(Int32 pid)
   場所 winsw.WrapperService.StopProcessAndChildren(Int32 pid)
   場所 winsw.WrapperService.StopIt()
   場所 winsw.WrapperService.OnShutdown()
2026-09-11 08:28:49 - Starting C:\Program Files\nodejs\node.exe  C:\Users\nakay\law-firm-attendance\node_modules\node-windows\lib\wrapper.js --file C:\Users\nakay\law-firm-attendance\server.cjs --scriptoptions= --log "Themis勤怠管理 wrapper" --grow 0.5 --wait 2 --maxrestarts 3 --abortonerror n --stopparentfirst undefined
2026-09-11 08:28:50 - Started 9488
2026-09-11 12:45:05 - Stopping themis.exe
2026-09-11 12:45:05 - ProcessKill 9488
2026-09-11 12:45:05 - Shutdown exception
Message:クラスが登録されていません

Stacktrace:   場所 System.Runtime.InteropServices.Marshal.ThrowExceptionForHRInternal(Int32 errorCode, IntPtr errorInfo)
   場所 System.Management.ManagementScope.InitializeGuts(Object o)
   場所 System.Management.ManagementScope.Initialize()
   場所 System.Management.ManagementObjectSearcher.Initialize()
   場所 System.Management.ManagementObjectSearcher.Get()
   場所 winsw.WrapperService.GetChildPids(Int32 pid)
   場所 winsw.WrapperService.StopProcessAndChildren(Int32 pid)
   場所 winsw.WrapperService.StopIt()
   場所 winsw.WrapperService.OnShutdown()
2026-09-11 12:46:47 - Starting C:\Program Files\nodejs\node.exe  C:\Users\nakay\law-firm-attendance\node_modules\node-windows\lib\wrapper.js --file C:\Users\nakay\law-firm-attendance\server.cjs --scriptoptions= --log "Themis勤怠管理 wrapper" --grow 0.5 --wait 2 --maxrestarts 3 --abortonerror n --stopparentfirst undefined
2026-09-11 12:46:47 - Started 12012
2026-09-11 20:18:54 - Stopping themis.exe
2026-09-11 20:18:54 - ProcessKill 12012
2026-09-11 20:18:54 - Shutdown exception
Message:クラスが登録されていません

Stacktrace:   場所 System.Runtime.InteropServices.Marshal.ThrowExceptionForHRInternal(Int32 errorCode, IntPtr errorInfo)
   場所 System.Management.ManagementScope.InitializeGuts(Object o)
   場所 System.Management.ManagementScope.Initialize()
   場所 System.Management.ManagementObjectSearcher.Initialize()
   場所 System.Management.ManagementObjectSearcher.Get()
   場所 winsw.WrapperService.GetChildPids(Int32 pid)
   場所 winsw.WrapperService.StopProcessAndChildren(Int32 pid)
   場所 winsw.WrapperService.StopIt()
   場所 winsw.WrapperService.OnShutdown()
2026-09-11 20:20:03 - Starting C:\Program Files\nodejs\node.exe  C:\Users\nakay\law-firm-attendance\node_modules\node-windows\lib\wrapper.js --file C:\Users\nakay\law-firm-attendance\server.cjs --scriptoptions= --log "Themis勤怠管理 wrapper" --grow 0.5 --wait 2 --maxrestarts 3 --abortonerror n --stopparentfirst undefined
2026-09-11 20:20:03 - Started 2556
2026-09-11 20:33:06 - Stopping themis.exe
2026-09-11 20:33:06 - ProcessKill 2556
2026-09-11 20:33:06 - Shutdown exception
Message:システム シャットダウンが実行中です。

Stacktrace:   場所 System.Runtime.InteropServices.Marshal.ThrowExceptionForHRInternal(Int32 errorCode, IntPtr errorInfo)
   場所 System.Management.ManagementScope.InitializeGuts(Object o)
   場所 System.Management.ManagementScope.Initialize()
   場所 System.Management.ManagementObjectSearcher.Initialize()
   場所 System.Management.ManagementObjectSearcher.Get()
   場所 winsw.WrapperService.GetChildPids(Int32 pid)
   場所 winsw.WrapperService.StopProcessAndChildren(Int32 pid)
   場所 winsw.WrapperService.StopIt()
   場所 winsw.WrapperService.OnShutdown()
2026-09-11 20:34:14 - Starting C:\Program Files\nodejs\node.exe  C:\Users\nakay\law-firm-attendance\node_modules\node-windows\lib\wrapper.js --file C:\Users\nakay\law-firm-attendance\server.cjs --scriptoptions= --log "Themis勤怠管理 wrapper" --grow 0.5 --wait 2 --maxrestarts 3 --abortonerror n --stopparentfirst undefined
2026-09-11 20:34:15 - Started 15544
2026-09-12 05:58:23 - Starting C:\Program Files\nodejs\node.exe  C:\Users\nakay\law-firm-attendance\node_modules\node-windows\lib\wrapper.js --file C:\Users\nakay\law-firm-attendance\server.cjs --scriptoptions= --log "Themis勤怠管理 wrapper" --grow 0.5 --wait 2 --maxrestarts 3 --abortonerror n --stopparentfirst undefined
2026-09-12 05:58:23 - Started 10112
2026-09-12 07:18:12 - Stopping themis.exe
2026-09-12 07:18:12 - ProcessKill 10112
2026-09-12 07:18:12 - Shutdown exception
Message:クラスが登録されていません

Stacktrace:   場所 System.Runtime.InteropServices.Marshal.ThrowExceptionForHRInternal(Int32 errorCode, IntPtr errorInfo)
   場所 System.Management.ManagementScope.InitializeGuts(Object o)
   場所 System.Management.ManagementScope.Initialize()
   場所 System.Management.ManagementObjectSearcher.Initialize()
   場所 System.Management.ManagementObjectSearcher.Get()
   場所 winsw.WrapperService.GetChildPids(Int32 pid)
   場所 winsw.WrapperService.StopProcessAndChildren(Int32 pid)
   場所 winsw.WrapperService.StopIt()
   場所 winsw.WrapperService.OnShutdown()
2026-09-12 07:19:09 - Starting C:\Program Files\nodejs\node.exe  C:\Users\nakay\law-firm-attendance\node_modules\node-windows\lib\wrapper.js --file C:\Users\nakay\law-firm-attendance\server.cjs --scriptoptions= --log "Themis勤怠管理 wrapper" --grow 0.5 --wait 2 --maxrestarts 3 --abortonerror n --stopparentfirst undefined
2026-09-12 07:19:09 - Started 16072
2026-09-12 15:52:39 - Stopping themis.exe
2026-09-12 15:52:39 - ProcessKill 16072
2026-09-12 15:52:39 - Shutdown exception
Message:クラスが登録されていません

Stacktrace:   場所 System.Runtime.InteropServices.Marshal.ThrowExceptionForHRInternal(Int32 errorCode, IntPtr errorInfo)
   場所 System.Management.ManagementScope.InitializeGuts(Object o)
   場所 System.Management.ManagementScope.Initialize()
   場所 System.Management.ManagementObjectSearcher.Initialize()
   場所 System.Management.ManagementObjectSearcher.Get()
   場所 winsw.WrapperService.GetChildPids(Int32 pid)
   場所 winsw.WrapperService.StopProcessAndChildren(Int32 pid)
   場所 winsw.WrapperService.StopIt()
   場所 winsw.WrapperService.OnShutdown()
2026-09-12 15:53:24 - Starting C:\Program Files\nodejs\node.exe  C:\Users\nakay\law-firm-attendance\node_modules\node-windows\lib\wrapper.js --file C:\Users\nakay\law-firm-attendance\server.cjs --scriptoptions= --log "Themis勤怠管理 wrapper" --grow 0.5 --wait 2 --maxrestarts 3 --abortonerror n --stopparentfirst undefined
2026-09-12 15:53:24 - Started 11824
2026-09-12 15:59:47 - Stopping themis.exe
2026-09-12 15:59:47 - ProcessKill 11824
2026-09-12 15:59:47 - Shutdown exception
Message:システム シャットダウンが実行中です。

Stacktrace:   場所 System.Runtime.InteropServices.Marshal.ThrowExceptionForHRInternal(Int32 errorCode, IntPtr errorInfo)
   場所 System.Management.ManagementScope.InitializeGuts(Object o)
   場所 System.Management.ManagementScope.Initialize()
   場所 System.Management.ManagementObjectSearcher.Initialize()
   場所 System.Management.ManagementObjectSearcher.Get()
   場所 winsw.WrapperService.GetChildPids(Int32 pid)
   場所 winsw.WrapperService.StopProcessAndChildren(Int32 pid)
   場所 winsw.WrapperService.StopIt()
   場所 winsw.WrapperService.OnShutdown()
2026-09-12 16:00:43 - Starting C:\Program Files\nodejs\node.exe  C:\Users\nakay\law-firm-attendance\node_modules\node-windows\lib\wrapper.js --file C:\Users\nakay\law-firm-attendance\server.cjs --scriptoptions= --log "Themis勤怠管理 wrapper" --grow 0.5 --wait 2 --maxrestarts 3 --abortonerror n --stopparentfirst undefined
2026-09-12 16:00:43 - Started 15596
2026-09-13 12:14:25 - Stopping themis.exe
2026-09-13 12:14:25 - ProcessKill 15596
2026-09-13 12:14:25 - Shutdown exception
Message:クラスが登録されていません

Stacktrace:   場所 System.Runtime.InteropServices.Marshal.ThrowExceptionForHRInternal(Int32 errorCode, IntPtr errorInfo)
   場所 System.Management.ManagementScope.InitializeGuts(Object o)
   場所 System.Management.ManagementScope.Initialize()
   場所 System.Management.ManagementObjectSearcher.Initialize()
   場所 System.Management.ManagementObjectSearcher.Get()
   場所 winsw.WrapperService.GetChildPids(Int32 pid)
   場所 winsw.WrapperService.StopProcessAndChildren(Int32 pid)
   場所 winsw.WrapperService.StopIt()
   場所 winsw.WrapperService.OnShutdown()
2026-09-13 12:15:26 - Starting C:\Program Files\nodejs\node.exe  C:\Users\nakay\law-firm-attendance\node_modules\node-windows\lib\wrapper.js --file C:\Users\nakay\law-firm-attendance\server.cjs --scriptoptions= --log "Themis勤怠管理 wrapper" --grow 0.5 --wait 2 --maxrestarts 3 --abortonerror n --stopparentfirst undefined
2026-09-13 12:15:26 - Started 14960
2026-09-14 00:06:47 - Stopping themis.exe
2026-09-14 00:06:47 - ProcessKill 14960
2026-09-14 00:06:48 - Shutdown exception
Message:クラスが登録されていません

Stacktrace:   場所 System.Runtime.InteropServices.Marshal.ThrowExceptionForHRInternal(Int32 errorCode, IntPtr errorInfo)
   場所 System.Management.ManagementScope.InitializeGuts(Object o)
   場所 System.Management.ManagementScope.Initialize()
   場所 System.Management.ManagementObjectSearcher.Initialize()
   場所 System.Management.ManagementObjectSearcher.Get()
   場所 winsw.WrapperService.GetChildPids(Int32 pid)
   場所 winsw.WrapperService.StopProcessAndChildren(Int32 pid)
   場所 winsw.WrapperService.StopIt()
   場所 winsw.WrapperService.OnShutdown()
2026-09-14 01:08:39 - Starting C:\Program Files\nodejs\node.exe  C:\Users\nakay\law-firm-attendance\node_modules\node-windows\lib\wrapper.js --file C:\Users\nakay\law-firm-attendance\server.cjs --scriptoptions= --log "Themis勤怠管理 wrapper" --grow 0.5 --wait 2 --maxrestarts 3 --abortonerror n --stopparentfirst undefined
2026-09-14 12:38:10 - Starting C:\Program Files\nodejs\node.exe  C:\Users\nakay\law-firm-attendance\node_modules\node-windows\lib\wrapper.js --file C:\Users\nakay\law-firm-attendance\server.cjs --scriptoptions= --log "Themis勤怠管理 wrapper" --grow 0.5 --wait 2 --maxrestarts 3 --abortonerror n --stopparentfirst undefined
2026-09-14 12:38:10 - Started 15924
2026-09-14 23:59:36 - Starting C:\Program Files\nodejs\node.exe  C:\Users\nakay\law-firm-attendance\node_modules\node-windows\lib\wrapper.js --file C:\Users\nakay\law-firm-attendance\server.cjs --scriptoptions= --log "Themis勤怠管理 wrapper" --grow 0.5 --wait 2 --maxrestarts 3 --abortonerror n --stopparentfirst undefined
2026-09-14 23:59:36 - Started 14592
2026-09-15 00:01:23 - Stopping themis.exe
2026-09-15 00:01:23 - ProcessKill 14592
2026-09-15 00:01:23 - Shutdown exception
Message:クラスが登録されていません

Stacktrace:   場所 System.Runtime.InteropServices.Marshal.ThrowExceptionForHRInternal(Int32 errorCode, IntPtr errorInfo)
   場所 System.Management.ManagementScope.InitializeGuts(Object o)
   場所 System.Management.ManagementScope.Initialize()
   場所 System.Management.ManagementObjectSearcher.Initialize()
   場所 System.Management.ManagementObjectSearcher.Get()
   場所 winsw.WrapperService.GetChildPids(Int32 pid)
   場所 winsw.WrapperService.StopProcessAndChildren(Int32 pid)
   場所 winsw.WrapperService.StopIt()
   場所 winsw.WrapperService.OnShutdown()
2026-09-15 05:29:00 - Starting C:\Program Files\nodejs\node.exe  C:\Users\nakay\law-firm-attendance\node_modules\node-windows\lib\wrapper.js --file C:\Users\nakay\law-firm-attendance\server.cjs --scriptoptions= --log "Themis勤怠管理 wrapper" --grow 0.5 --wait 2 --maxrestarts 3 --abortonerror n --stopparentfirst undefined
2026-09-15 05:29:00 - Started 15252
2026-09-15 12:17:18 - Stopping themis.exe
2026-09-15 12:17:18 - ProcessKill 15252
2026-09-15 12:17:18 - Shutdown exception
Message:クラスが登録されていません

Stacktrace:   場所 System.Runtime.InteropServices.Marshal.ThrowExceptionForHRInternal(Int32 errorCode, IntPtr errorInfo)
   場所 System.Management.ManagementScope.InitializeGuts(Object o)
   場所 System.Management.ManagementScope.Initialize()
   場所 System.Management.ManagementObjectSearcher.Initialize()
   場所 System.Management.ManagementObjectSearcher.Get()
   場所 winsw.WrapperService.GetChildPids(Int32 pid)
   場所 winsw.WrapperService.StopProcessAndChildren(Int32 pid)
   場所 winsw.WrapperService.StopIt()
   場所 winsw.WrapperService.OnShutdown()
2026-09-15 12:21:22 - Starting C:\Program Files\nodejs\node.exe  C:\Users\nakay\law-firm-attendance\node_modules\node-windows\lib\wrapper.js --file C:\Users\nakay\law-firm-attendance\server.cjs --scriptoptions= --log "Themis勤怠管理 wrapper" --grow 0.5 --wait 2 --maxrestarts 3 --abortonerror n --stopparentfirst undefined
2026-09-15 12:21:23 - Started 8672
2026-09-15 12:22:03 - Stopping themis.exe
2026-09-15 12:22:03 - ProcessKill 8672
2026-09-15 12:22:03 - Shutdown exception
Message:クラスが登録されていません

Stacktrace:   場所 System.Runtime.InteropServices.Marshal.ThrowExceptionForHRInternal(Int32 errorCode, IntPtr errorInfo)
   場所 System.Management.ManagementScope.InitializeGuts(Object o)
   場所 System.Management.ManagementScope.Initialize()
   場所 System.Management.ManagementObjectSearcher.Initialize()
   場所 System.Management.ManagementObjectSearcher.Get()
   場所 winsw.WrapperService.GetChildPids(Int32 pid)
   場所 winsw.WrapperService.StopProcessAndChildren(Int32 pid)
   場所 winsw.WrapperService.StopIt()
   場所 winsw.WrapperService.OnShutdown()
2026-09-15 12:22:50 - Starting C:\Program Files\nodejs\node.exe  C:\Users\nakay\law-firm-attendance\node_modules\node-windows\lib\wrapper.js --file C:\Users\nakay\law-firm-attendance\server.cjs --scriptoptions= --log "Themis勤怠管理 wrapper" --grow 0.5 --wait 2 --maxrestarts 3 --abortonerror n --stopparentfirst undefined
2026-09-15 12:22:50 - Started 9144
2026-09-15 12:23:11 - Stopping themis.exe
2026-09-15 12:23:11 - ProcessKill 9144
2026-09-15 12:23:11 - Shutdown exception
Message:クラスが登録されていません

Stacktrace:   場所 System.Runtime.InteropServices.Marshal.ThrowExceptionForHRInternal(Int32 errorCode, IntPtr errorInfo)
   場所 System.Management.ManagementScope.InitializeGuts(Object o)
   場所 System.Management.ManagementScope.Initialize()
   場所 System.Management.ManagementObjectSearcher.Initialize()
   場所 System.Management.ManagementObjectSearcher.Get()
   場所 winsw.WrapperService.GetChildPids(Int32 pid)
   場所 winsw.WrapperService.StopProcessAndChildren(Int32 pid)
   場所 winsw.WrapperService.StopIt()
   場所 winsw.WrapperService.OnShutdown()
2026-09-15 12:23:59 - Starting C:\Program Files\nodejs\node.exe  C:\Users\nakay\law-firm-attendance\node_modules\node-windows\lib\wrapper.js --file C:\Users\nakay\law-firm-attendance\server.cjs --scriptoptions= --log "Themis勤怠管理 wrapper" --grow 0.5 --wait 2 --maxrestarts 3 --abortonerror n --stopparentfirst undefined
2026-09-15 12:23:59 - Started 9952
2026-09-15 20:54:34 - Stopping themis.exe
2026-09-15 20:54:34 - ProcessKill 9952
2026-09-15 20:54:35 - Shutdown exception
Message:クラスが登録されていません

Stacktrace:   場所 System.Runtime.InteropServices.Marshal.ThrowExceptionForHRInternal(Int32 errorCode, IntPtr errorInfo)
   場所 System.Management.ManagementScope.InitializeGuts(Object o)
   場所 System.Management.ManagementScope.Initialize()
   場所 System.Management.ManagementObjectSearcher.Initialize()
   場所 System.Management.ManagementObjectSearcher.Get()
   場所 winsw.WrapperService.GetChildPids(Int32 pid)
   場所 winsw.WrapperService.StopProcessAndChildren(Int32 pid)
   場所 winsw.WrapperService.StopIt()
   場所 winsw.WrapperService.OnShutdown()
2026-09-15 20:55:33 - Starting C:\Program Files\nodejs\node.exe  C:\Users\nakay\law-firm-attendance\node_modules\node-windows\lib\wrapper.js --file C:\Users\nakay\law-firm-attendance\server.cjs --scriptoptions= --log "Themis勤怠管理 wrapper" --grow 0.5 --wait 2 --maxrestarts 3 --abortonerror n --stopparentfirst undefined
2026-09-16 01:55:37 - Starting C:\Program Files\nodejs\node.exe  C:\Users\nakay\law-firm-attendance\node_modules\node-windows\lib\wrapper.js --file C:\Users\nakay\law-firm-attendance\server.cjs --scriptoptions= --log "Themis勤怠管理 wrapper" --grow 0.5 --wait 2 --maxrestarts 3 --abortonerror n --stopparentfirst undefined
2026-09-16 01:55:37 - Started 14880
2026-09-16 14:15:21 - Stopping themis.exe
2026-09-16 14:15:21 - ProcessKill 14880
2026-09-16 14:15:22 - Shutdown exception
Message:クラスが登録されていません

Stacktrace:   場所 System.Runtime.InteropServices.Marshal.ThrowExceptionForHRInternal(Int32 errorCode, IntPtr errorInfo)
   場所 System.Management.ManagementScope.InitializeGuts(Object o)
   場所 System.Management.ManagementScope.Initialize()
   場所 System.Management.ManagementObjectSearcher.Initialize()
   場所 System.Management.ManagementObjectSearcher.Get()
   場所 winsw.WrapperService.GetChildPids(Int32 pid)
   場所 winsw.WrapperService.StopProcessAndChildren(Int32 pid)
   場所 winsw.WrapperService.StopIt()
   場所 winsw.WrapperService.OnShutdown()
2026-09-16 14:16:27 - Starting C:\Program Files\nodejs\node.exe  C:\Users\nakay\law-firm-attendance\node_modules\node-windows\lib\wrapper.js --file C:\Users\nakay\law-firm-attendance\server.cjs --scriptoptions= --log "Themis勤怠管理 wrapper" --grow 0.5 --wait 2 --maxrestarts 3 --abortonerror n --stopparentfirst undefined
2026-09-16 14:16:27 - Started 5016
2026-09-16 14:27:49 - Stopping themis.exe
2026-09-16 14:27:49 - ProcessKill 5016
2026-09-16 14:27:49 - Shutdown exception
Message:クラスが登録されていません

Stacktrace:   場所 System.Runtime.InteropServices.Marshal.ThrowExceptionForHRInternal(Int32 errorCode, IntPtr errorInfo)
   場所 System.Management.ManagementScope.InitializeGuts(Object o)
   場所 System.Management.ManagementScope.Initialize()
   場所 System.Management.ManagementObjectSearcher.Initialize()
   場所 System.Management.ManagementObjectSearcher.Get()
   場所 winsw.WrapperService.GetChildPids(Int32 pid)
   場所 winsw.WrapperService.StopProcessAndChildren(Int32 pid)
   場所 winsw.WrapperService.StopIt()
   場所 winsw.WrapperService.OnShutdown()
2026-09-16 14:28:50 - Starting C:\Program Files\nodejs\node.exe  C:\Users\nakay\law-firm-attendance\node_modules\node-windows\lib\wrapper.js --file C:\Users\nakay\law-firm-attendance\server.cjs --scriptoptions= --log "Themis勤怠管理 wrapper" --grow 0.5 --wait 2 --maxrestarts 3 --abortonerror n --stopparentfirst undefined
2026-09-16 14:28:51 - Started 15352
2026-09-16 16:39:28 - Stopping themis.exe
2026-09-16 16:39:28 - ProcessKill 15352
2026-09-16 16:39:29 - Shutdown exception
Message:クラスが登録されていません

Stacktrace:   場所 System.Runtime.InteropServices.Marshal.ThrowExceptionForHRInternal(Int32 errorCode, IntPtr errorInfo)
   場所 System.Management.ManagementScope.InitializeGuts(Object o)
   場所 System.Management.ManagementScope.Initialize()
   場所 System.Management.ManagementObjectSearcher.Initialize()
   場所 System.Management.ManagementObjectSearcher.Get()
   場所 winsw.WrapperService.GetChildPids(Int32 pid)
   場所 winsw.WrapperService.StopProcessAndChildren(Int32 pid)
   場所 winsw.WrapperService.StopIt()
   場所 winsw.WrapperService.OnShutdown()
2026-09-16 16:40:24 - Starting C:\Program Files\nodejs\node.exe  C:\Users\nakay\law-firm-attendance\node_modules\node-windows\lib\wrapper.js --file C:\Users\nakay\law-firm-attendance\server.cjs --scriptoptions= --log "Themis勤怠管理 wrapper" --grow 0.5 --wait 2 --maxrestarts 3 --abortonerror n --stopparentfirst undefined
2026-09-16 16:40:25 - Started 12964
2026-09-17 10:31:08 - Starting C:\Program Files\nodejs\node.exe  C:\Users\nakay\law-firm-attendance\node_modules\node-windows\lib\wrapper.js --file C:\Users\nakay\law-firm-attendance\server.cjs --scriptoptions= --log "Themis勤怠管理 wrapper" --grow 0.5 --wait 2 --maxrestarts 3 --abortonerror n --stopparentfirst undefined
2026-09-17 10:31:08 - Started 11696
2026-09-18 00:18:34 - Stopping themis.exe
2026-09-18 00:18:34 - ProcessKill 11696
2026-09-18 00:18:34 - Shutdown exception
Message:システム シャットダウンが実行中です。

Stacktrace:   場所 System.Runtime.InteropServices.Marshal.ThrowExceptionForHRInternal(Int32 errorCode, IntPtr errorInfo)
   場所 System.Management.ManagementScope.InitializeGuts(Object o)
   場所 System.Management.ManagementScope.Initialize()
   場所 System.Management.ManagementObjectSearcher.Initialize()
   場所 System.Management.ManagementObjectSearcher.Get()
   場所 winsw.WrapperService.GetChildPids(Int32 pid)
   場所 winsw.WrapperService.StopProcessAndChildren(Int32 pid)
   場所 winsw.WrapperService.StopIt()
   場所 winsw.WrapperService.OnShutdown()
2026-09-18 00:19:32 - Starting C:\Program Files\nodejs\node.exe  C:\Users\nakay\law-firm-attendance\node_modules\node-windows\lib\wrapper.js --file C:\Users\nakay\law-firm-attendance\server.cjs --scriptoptions= --log "Themis勤怠管理 wrapper" --grow 0.5 --wait 2 --maxrestarts 3 --abortonerror n --stopparentfirst undefined
2026-09-18 00:19:32 - Started 12508
2026-09-18 04:01:08 - Stopping themis.exe
2026-09-18 04:01:08 - ProcessKill 12508
2026-09-18 04:01:08 - Shutdown exception
Message:クラスが登録されていません

Stacktrace:   場所 System.Runtime.InteropServices.Marshal.ThrowExceptionForHRInternal(Int32 errorCode, IntPtr errorInfo)
   場所 System.Management.ManagementScope.InitializeGuts(Object o)
   場所 System.Management.ManagementScope.Initialize()
   場所 System.Management.ManagementObjectSearcher.Initialize()
   場所 System.Management.ManagementObjectSearcher.Get()
   場所 winsw.WrapperService.GetChildPids(Int32 pid)
   場所 winsw.WrapperService.StopProcessAndChildren(Int32 pid)
   場所 winsw.WrapperService.StopIt()
   場所 winsw.WrapperService.OnShutdown()
2026-09-18 04:02:02 - Starting C:\Program Files\nodejs\node.exe  C:\Users\nakay\law-firm-attendance\node_modules\node-windows\lib\wrapper.js --file C:\Users\nakay\law-firm-attendance\server.cjs --scriptoptions= --log "Themis勤怠管理 wrapper" --grow 0.5 --wait 2 --maxrestarts 3 --abortonerror n --stopparentfirst undefined
2026-09-18 04:02:02 - Started 12176
2026-09-18 10:39:54 - Stopping themis.exe
2026-09-18 10:39:54 - ProcessKill 12176
2026-09-18 10:39:54 - Shutdown exception
Message:クラスが登録されていません

Stacktrace:   場所 System.Runtime.InteropServices.Marshal.ThrowExceptionForHRInternal(Int32 errorCode, IntPtr errorInfo)
   場所 System.Management.ManagementScope.InitializeGuts(Object o)
   場所 System.Management.ManagementScope.Initialize()
   場所 System.Management.ManagementObjectSearcher.Initialize()
   場所 System.Management.ManagementObjectSearcher.Get()
   場所 winsw.WrapperService.GetChildPids(Int32 pid)
   場所 winsw.WrapperService.StopProcessAndChildren(Int32 pid)
   場所 winsw.WrapperService.StopIt()
   場所 winsw.WrapperService.OnShutdown()
2026-09-18 10:40:50 - Starting C:\Program Files\nodejs\node.exe  C:\Users\nakay\law-firm-attendance\node_modules\node-windows\lib\wrapper.js --file C:\Users\nakay\law-firm-attendance\server.cjs --scriptoptions= --log "Themis勤怠管理 wrapper" --grow 0.5 --wait 2 --maxrestarts 3 --abortonerror n --stopparentfirst undefined
2026-09-18 10:40:51 - Started 11940
2026-09-18 14:35:55 - Starting C:\Program Files\nodejs\node.exe  C:\Users\nakay\law-firm-attendance\node_modules\node-windows\lib\wrapper.js --file C:\Users\nakay\law-firm-attendance\server.cjs --scriptoptions= --log "Themis勤怠管理 wrapper" --grow 0.5 --wait 2 --maxrestarts 3 --abortonerror n --stopparentfirst undefined
2026-09-18 14:35:55 - Started 9704
2026-09-19 13:59:26 - Stopping themis.exe
2026-09-19 13:59:26 - ProcessKill 9704
2026-09-19 13:59:26 - Shutdown exception
Message:クラスが登録されていません

Stacktrace:   場所 System.Runtime.InteropServices.Marshal.ThrowExceptionForHRInternal(Int32 errorCode, IntPtr errorInfo)
   場所 System.Management.ManagementScope.InitializeGuts(Object o)
   場所 System.Management.ManagementScope.Initialize()
   場所 System.Management.ManagementObjectSearcher.Initialize()
   場所 System.Management.ManagementObjectSearcher.Get()
   場所 winsw.WrapperService.GetChildPids(Int32 pid)
   場所 winsw.WrapperService.StopProcessAndChildren(Int32 pid)
   場所 winsw.WrapperService.StopIt()
   場所 winsw.WrapperService.OnShutdown()
2026-09-19 14:00:37 - Starting C:\Program Files\nodejs\node.exe  C:\Users\nakay\law-firm-attendance\node_modules\node-windows\lib\wrapper.js --file C:\Users\nakay\law-firm-attendance\server.cjs --scriptoptions= --log "Themis勤怠管理 wrapper" --grow 0.5 --wait 2 --maxrestarts 3 --abortonerror n --stopparentfirst undefined
2026-09-19 14:00:37 - Started 16360
2026-09-20 12:23:50 - Stopping themis.exe
2026-09-20 12:23:50 - ProcessKill 16360
2026-09-20 12:23:50 - Shutdown exception
Message:クラスが登録されていません

Stacktrace:   場所 System.Runtime.InteropServices.Marshal.ThrowExceptionForHRInternal(Int32 errorCode, IntPtr errorInfo)
   場所 System.Management.ManagementScope.InitializeGuts(Object o)
   場所 System.Management.ManagementScope.Initialize()
   場所 System.Management.ManagementObjectSearcher.Initialize()
   場所 System.Management.ManagementObjectSearcher.Get()
   場所 winsw.WrapperService.GetChildPids(Int32 pid)
   場所 winsw.WrapperService.StopProcessAndChildren(Int32 pid)
   場所 winsw.WrapperService.StopIt()
   場所 winsw.WrapperService.OnShutdown()
2026-09-20 12:24:54 - Starting C:\Program Files\nodejs\node.exe  C:\Users\nakay\law-firm-attendance\node_modules\node-windows\lib\wrapper.js --file C:\Users\nakay\law-firm-attendance\server.cjs --scriptoptions= --log "Themis勤怠管理 wrapper" --grow 0.5 --wait 2 --maxrestarts 3 --abortonerror n --stopparentfirst undefined
2026-09-20 12:24:54 - Started 16036
2026-09-20 19:26:39 - Stopping themis.exe
2026-09-20 19:26:39 - ProcessKill 16036
2026-09-20 19:26:39 - Shutdown exception
Message:クラスが登録されていません

Stacktrace:   場所 System.Runtime.InteropServices.Marshal.ThrowExceptionForHRInternal(Int32 errorCode, IntPtr errorInfo)
   場所 System.Management.ManagementScope.InitializeGuts(Object o)
   場所 System.Management.ManagementScope.Initialize()
   場所 System.Management.ManagementObjectSearcher.Initialize()
   場所 System.Management.ManagementObjectSearcher.Get()
   場所 winsw.WrapperService.GetChildPids(Int32 pid)
   場所 winsw.WrapperService.StopProcessAndChildren(Int32 pid)
   場所 winsw.WrapperService.StopIt()
   場所 winsw.WrapperService.OnShutdown()
2026-09-20 19:27:49 - Starting C:\Program Files\nodejs\node.exe  C:\Users\nakay\law-firm-attendance\node_modules\node-windows\lib\wrapper.js --file C:\Users\nakay\law-firm-attendance\server.cjs --scriptoptions= --log "Themis勤怠管理 wrapper" --grow 0.5 --wait 2 --maxrestarts 3 --abortonerror n --stopparentfirst undefined
2026-09-20 19:27:50 - Started 16156
2026-09-21 11:24:18 - Stopping themis.exe
2026-09-21 11:24:18 - ProcessKill 16156
2026-09-21 11:24:19 - Shutdown exception
Message:クラスが登録されていません

Stacktrace:   場所 System.Runtime.InteropServices.Marshal.ThrowExceptionForHRInternal(Int32 errorCode, IntPtr errorInfo)
   場所 System.Management.ManagementScope.InitializeGuts(Object o)
   場所 System.Management.ManagementScope.Initialize()
   場所 System.Management.ManagementObjectSearcher.Initialize()
   場所 System.Management.ManagementObjectSearcher.Get()
   場所 winsw.WrapperService.GetChildPids(Int32 pid)
   場所 winsw.WrapperService.StopProcessAndChildren(Int32 pid)
   場所 winsw.WrapperService.StopIt()
   場所 winsw.WrapperService.OnShutdown()
2026-09-21 11:25:16 - Starting C:\Program Files\nodejs\node.exe  C:\Users\nakay\law-firm-attendance\node_modules\node-windows\lib\wrapper.js --file C:\Users\nakay\law-firm-attendance\server.cjs --scriptoptions= --log "Themis勤怠管理 wrapper" --grow 0.5 --wait 2 --maxrestarts 3 --abortonerror n --stopparentfirst undefined
2026-09-21 11:25:16 - Started 15512
2026-09-23 14:41:27 - Stopping themis.exe
2026-09-23 14:41:27 - ProcessKill 15512
2026-09-23 14:41:27 - Shutdown exception
Message:クラスが登録されていません

Stacktrace:   場所 System.Runtime.InteropServices.Marshal.ThrowExceptionForHRInternal(Int32 errorCode, IntPtr errorInfo)
   場所 System.Management.ManagementScope.InitializeGuts(Object o)
   場所 System.Management.ManagementScope.Initialize()
   場所 System.Management.ManagementObjectSearcher.Initialize()
   場所 System.Management.ManagementObjectSearcher.Get()
   場所 winsw.WrapperService.GetChildPids(Int32 pid)
   場所 winsw.WrapperService.StopProcessAndChildren(Int32 pid)
   場所 winsw.WrapperService.StopIt()
   場所 winsw.WrapperService.OnShutdown()
2026-09-23 14:42:22 - Starting C:\Program Files\nodejs\node.exe  C:\Users\nakay\law-firm-attendance\node_modules\node-windows\lib\wrapper.js --file C:\Users\nakay\law-firm-attendance\server.cjs --scriptoptions= --log "Themis勤怠管理 wrapper" --grow 0.5 --wait 2 --maxrestarts 3 --abortonerror n --stopparentfirst undefined
2026-09-23 14:42:22 - Started 14548
2026-09-23 15:58:46 - Stopping themis.exe
2026-09-23 15:58:46 - ProcessKill 14548
2026-09-23 15:58:47 - Shutdown exception
Message:クラスが登録されていません

Stacktrace:   場所 System.Runtime.InteropServices.Marshal.ThrowExceptionForHRInternal(Int32 errorCode, IntPtr errorInfo)
   場所 System.Management.ManagementScope.InitializeGuts(Object o)
   場所 System.Management.ManagementScope.Initialize()
   場所 System.Management.ManagementObjectSearcher.Initialize()
   場所 System.Management.ManagementObjectSearcher.Get()
   場所 winsw.WrapperService.GetChildPids(Int32 pid)
   場所 winsw.WrapperService.StopProcessAndChildren(Int32 pid)
   場所 winsw.WrapperService.StopIt()
   場所 winsw.WrapperService.OnShutdown()
2026-09-23 15:59:51 - Starting C:\Program Files\nodejs\node.exe  C:\Users\nakay\law-firm-attendance\node_modules\node-windows\lib\wrapper.js --file C:\Users\nakay\law-firm-attendance\server.cjs --scriptoptions= --log "Themis勤怠管理 wrapper" --grow 0.5 --wait 2 --maxrestarts 3 --abortonerror n --stopparentfirst undefined
2026-09-23 15:59:51 - Started 16064
